id,subject,description,priority,category,createdAt,requesterEmail
1aiu3lrqi,Hé IT ! Notre imprimante réseau n'arrête pas de se déconnecter.,"Hé IT ! Notre imprimante réseau se déconnecte de manière intermittente et nécessite une reconfiguration manuelle de l'IP à chaque fois. C'est devenu vraiment contraignant, surtout pendant les heures de pointe. Plusieurs collègues au bureau ont mentionné qu'ils rencontrent le même problème. Pourriez-vous vous pencher là-dessus ? Merci !",Medium,Network,2024-10-28T18:36:55.004Z,jane.doe@acme.co
kz5mjjpox,Re: [Acme IT] Re: Ticket #98765 - Problème d'accès au lecteur réseau partagé,"Ceci est un suivi de votre demande précédente #98765 ""Access Issue with Shared Network Drive""

Bonjour !

J'ai du mal à accéder au lecteur réseau partagé. Cela fonctionnait bien avant, mais maintenant j'obtiens des erreurs de permissions qui semblent assez complexes. Je pense que cela pourrait nécessiter un audit détaillé et des ajustements manuels pour être résolu.

Voici une capture d'écran du message d'erreur (https://acme.co/share/error-screenshot). J'ai essayé des étapes de dépannage de base comme vérifier ma connexion réseau et redémarrer mon ordinateur.

Merci, et faites-moi savoir s'il y a autre chose que je devrais essayer !",High,Network,2024-10-28T18:36:56.156Z,user123@acme.co
86eza0fwq,Conflit logiciel provoquant des plantages d'application,Salut l'équipe ! :wave: Nous rencontrons des plantages intermittents sur certaines machines utilisateurs. Il semble qu'il puisse y avoir un conflit logiciel. Pourriez-vous nous aider avec une analyse détaillée des journaux et quelques ajustements manuels de configuration ? Merci beaucoup ! :pray:,High,Software,2024-10-28T18:36:54.644Z,user@acme.co
jtw509e3n,j.doe@acme.co Assistance à la configuration de Google Calendar,Nous devons configurer un nouveau Google Calendar pour la planification de l'équipe. Veuillez nous aider avec les étapes suivantes : - Créer le calendrier - Le partager avec les membres de l'équipe - Définir les permissions,Medium,Software,2024-10-28T18:36:54.524Z,j.doe@acme.co
tso616mbn,Accès logiciel : projet Asana pour Jordan Smith,Jordan Smith fait partie de l'équipe de gestion de projet et a besoin d'un accès au projet Asana pour coordonner efficacement les tâches et les délais.,Medium,Software,2024-10-28T18:36:54.816Z,jordan.smith@acme.co
6bqwkmxi1,Problème de synchronisation du client de messagerie,"Le client de messagerie ne parvient pas à se synchroniser avec le serveur en raison d'un profil vraisemblablement corrompu, nécessitant une reconstruction manuelle du profil et une récupération des données.",High,Software,2024-10-28T18:36:54.210Z,jane.doe@acme.co
cythbyl5p,Demande d'accès : Dossier de stockage DB - john.doe@acme.co,"Notification de Acme IT

Image Acme IT

Cette alerte de demande d'accès vous informe qu'une demande d'accès au dossier de stockage DB a été soumise.

Les détails de la demande sont les suivants :

Demandeur : john.doe@acme.co (john.doe@acme.co)

Par : Service Account (it-service@acme.co)

Date : Mon, Oct 16 2023 14:32 UTC

Access Center n'est pas activé pour cette demande. Access Center peut fournir des détails supplémentaires, des options d'investigation et des recommandations d'approbation. Pour l'activer, activez les demandes d'accès dans la page de détail de la demande.

Accéder aux détails de la demande

Vous avez reçu cette mise à jour importante concernant votre compte Acme IT car vous êtes le destinataire administrateur désigné pour ce type de demande. Vous pouvez désactiver ces alertes ou modifier les destinataires des e-mails dans la section Demandes de l'Admin Console.

Acme LLC 123 Innovation Drive Tech City, TX 75001

-- 
Vous avez reçu ce message car vous êtes abonné au groupe Acme Groups ""IT Support"". Pour vous désabonner de ce groupe et ne plus recevoir ses e-mails, envoyez un e-mail à itsupport+unsubscribe@acme.co.",Medium,Account,2024-10-28T18:37:00.150Z,john.doe@acme.co
u43q44ro8,Assistance requise : Réinitialisation du mot de passe du compte de messagerie,Je n'arrive pas à accéder à mon compte de messagerie car j'ai oublié mon mot de passe. Pourriez-vous m'aider à le réinitialiser ?,Medium,Account,2024-10-28T18:36:54.838Z,user@acme.co
nay58n9jf,Aide à la navigation sur l'intranet,"Bonjour à l'équipe IT, j'essaie d'accéder à l'intranet de l'entreprise et d'y naviguer, mais j'ai du mal à m'y retrouver. Pourriez-vous me fournir des conseils ou des ressources qui pourraient m'aider ? J'espère m'y familiariser rapidement car j'ai des tâches qui nécessitent son utilisation. Merci pour votre aide ! -- Alex Jordan | Spécialiste Marketing",Medium,Training,2024-10-28T18:36:54.857Z,alex.jordan@acme.co
2apbmy56h,Configuration de sécurité du poste de travail : Application incohérente des stratégies de groupe,"Bonjour à l'équipe IT, j'ai remarqué que les stratégies de groupe sur mon poste de travail ne sont pas appliquées de manière cohérente. Certains paramètres de sécurité semblent revenir aux valeurs par défaut après un redémarrage, et certaines applications ne sont pas restreintes comme prévu. Cette incohérence crée des vulnérabilités de sécurité potentielles. Pourriez-vous enquêter sur ce problème et vous assurer que les stratégies de groupe correctes sont appliquées sur tous les postes de travail ? Merci !",High,Security,2024-10-28T18:36:55.126Z,jane.doe@acme.co
1sj8czs0k,Échecs d'authentification persistants avec MFA,Je rencontre des échecs d'authentification persistants avec notre système d'authentification multi-facteurs. Ce problème nécessite une investigation détaillée et une synchronisation manuelle de mes identifiants utilisateur sur plusieurs plateformes. Veuillez m'aider dans les meilleurs délais.,High,Security,2024-10-28T18:37:12.056Z,user@acme.co
l0nhq0pys,Demande d'accès au tableau JIRA,"Bonjour équipe IT, Alex (alex.jones@acme.co) va collaborer avec l'équipe Product Development pour le trimestre à venir, il a donc besoin d'accéder aux outils suivants : JIRA- le Product Development Board. Son responsable, Sam, est en copie pour fournir l'approbation managériale. N'hésitez pas à me contacter si vous avez des questions ou si vous avez besoin d'informations supplémentaires ! Merci, -- Jamie Lee | Manager, Product Development | She/Her Acme Co • Help Center • Submit a ticket",Medium,Account,2024-10-28T18:37:13.104Z,jamie.lee@acme.co
fs7blkcux,Alerte : Connectivité VPN incohérente - Analyse réseau requise,"Notification de Acme Network Services

Acme Network Image

Cette alerte de connectivité VPN incohérente a pour but de vous informer qu'un utilisateur rencontre des connexions VPN irrégulières nécessitant une analyse réseau détaillée et des ajustements manuels de configuration côté client et serveur.

Les détails de l'alerte sont les suivants :

Utilisateur : John Doe (john.doe@acme.co)

Par : Network Monitoring System (net-monitor@acme.co)

Date : Wed, Oct 25 2023 14:22 UTC

L'analyse réseau n'est pas activée pour cette règle. L'analyse réseau peut fournir des détails supplémentaires, des options d'investigation et des recommandations de remédiation. Pour l'activer, activez l'analyse réseau dans la page de détail de la règle.

Accéder aux détails de la règle

Vous avez reçu cette mise à jour importante concernant votre compte Acme Network car vous êtes le destinataire administrateur désigné pour ce type d'alerte. Vous pouvez désactiver ces alertes ou modifier les destinataires des e-mails dans la section Règles de la Console d'administration.

Acme Corp 1234 Elm Street Springfield, USA

-- 
Vous avez reçu ce message car vous êtes abonné au groupe Acme Groups ""Network Support"". Pour vous désabonner de ce groupe et ne plus recevoir d'e-mails de sa part, envoyez un e-mail à network+unsubscribe@acme.co.",High,Network,2024-10-28T18:37:15.783Z,john.doe@acme.co
udgjhvvof,Problème d'accès à une application web interne - Compatibilité navigateur,Un utilisateur ne peut pas accéder à une application web interne spécifique en raison de problèmes supposés de compatibilité navigateur. Une investigation détaillée et une configuration manuelle des paramètres du navigateur sont nécessaires. Des ajustements côté application pourraient également s'avérer nécessaires. Veuillez conseiller sur la meilleure marche à suivre pour résoudre ce problème.,High,Software,2024-10-28T18:37:11.982Z,user123@acme.co
zuj1ksh92,Échecs d'activation de licences logicielles,"Bonjour, je rencontre des échecs persistants d'activation de licences logicielles sur plusieurs appareils. Pourriez-vous examiner ce problème en détail ? Il semble qu'il pourrait y avoir des problèmes de communication avec le serveur de licences. J'apprécierais votre aide pour résoudre cela manuellement afin d'assurer la conformité avec nos conditions de licence. Merci !",High,Licensing,2024-10-28T18:37:10.453Z,user@acme.co
3t5ctolft,Demande d'accès à l'espace de travail Slack,"Bonjour,

Pourriez-vous m'accorder l'accès à l'espace de travail Slack de notre équipe ? J'en ai besoin pour collaborer sur des projets en cours et communiquer avec les membres de l'équipe.

Cordialement,
Alex",Medium,Communication,2024-10-28T18:37:12.426Z,alex@acme.co
t7wx0vxws,Instructions de configuration de Google Calendar,"Bonjour à tous, j'essaie de configurer un Google Calendar personnel pour mieux gérer mes tâches individuelles, mais je ne sais pas par où commencer. Pourriez-vous me fournir des instructions étape par étape ou m'indiquer un guide ? Merci beaucoup ! :)",Low,Training,2024-10-28T18:37:10.381Z,jane.doe@acme.co
xka1oq83l,Mise à jour du profil personnel sur l'intranet,"Bonjour à tous, pourriez-vous me fournir des instructions sur la façon de mettre à jour mes informations de profil personnel sur l'intranet de l'entreprise ? N'hésitez pas à me contacter si vous avez besoin d'autres informations. Cordialement, Jamie Lee | HR Coordinator • New York, NY • they/them",Medium,Software,2024-10-28T18:37:10.397Z,jamie.lee@acme.co
7hi2b0jlw,Demande d'accès au dossier d'équipe DBox,"Bonjour équipe IT, nous avons besoin d'accéder au dossier d'équipe DBox pour notre collaboration sur le projet. Veuillez suivre les instructions dans le lien ci-dessous pour accorder l'accès. Notre équipe est prête à tester les permissions d'accès pour s'assurer que tout est correctement configuré. https://acme.co/support/dbox-access-guide",Medium,Account,2024-10-28T18:37:13.185Z,jane.doe@acme.co
gmeni3ax4,Connexion Internet intermittente et lente dans l'espace de bureau : évaluation réseau sur site et ajustement de configuration requis,"Nous rencontrons une connexion internet intermittente et lente dans l'espace de bureau. Une évaluation réseau sur site et un ajustement de configuration sont nécessaires pour résoudre ce problème. Veuillez coordonner avec l'équipe réseau pour planifier une intervention et effectuer les ajustements nécessaires. Assurez-vous que tous les équipements réseau sont vérifiés et optimisés pour les performances. Si du matériel supplémentaire est nécessaire, veuillez soumettre une demande à [Procurement](https://acme.co/procurement) pour approbation.",High,Network,2024-10-28T18:37:13.105Z,john.doe@acme.co
aacw7k9cy,Jane (jane.doe@acme.co) demande l'accès à Adobe CC Suite,"Jane (jane.doe@acme.co) demande l'accès à Adobe CC Suite

Jane (jane.doe@acme.co mailto:jane.doe@acme.co), une graphiste de l'équipe Acme, demande l'accès à Adobe CC Suite pour améliorer ses capacités de conception et collaborer sur des projets créatifs. ‌ ‌ ‌ ‌ ‌ ‌ ‌ ‌ ‌ ‌ ‌ ‌ ‌ ‌ ‌ ‌ ‌ ‌ ‌ ‌ ‌ ‌ ‌ ‌ ‌ ‌ ‌ ‌ ‌ ‌ ‌ ‌ ‌ ‌ ‌ ‌ ‌ ‌ ‌ ‌ ‌ ‌ ‌ ‌ ‌ ‌ ‌ ‌ ‌ ‌ ‌ ‌ ‌ ‌ ‌ ‌ ‌ ‌ ‌ ‌ ‌ ‌ ‌ ‌ ‌ ‌ ‌ ‌ ‌ ‌ ‌ ‌ ‌ ‌ ‌ ‌ ‌ ‌ ‌ ‌ ‌ ‌ ‌ ‌ ‌ ‌ ‌ ‌ ‌ ‌ ‌ ‌ ‌ ‌ ‌ ‌ ‌ ‌ ‌ ‌ ‌ ‌ ‌ ‌ ‌ ‌ ‌ ‌ ‌ ‌ ‌ ‌ ‌ ‌ ‌ ‌ ‌ ‌ ‌ ‌ ‌ ‌ ‌ ‌ ‌ ‌ ‌ ‌ ‌ ‌ ‌ ‌ ‌ ‌ ‌ ‌ ‌ ‌ ‌ ‌ ‌ ‌ ‌ ‌ 

https://adobe.acme.co/access-request

Jane (jane.doe@acme.co mailto:jane.doe@acme.co), une graphiste de l'équipe Acme, demande l'accès à Adobe CC Suite pour améliorer ses capacités de conception et collaborer sur des projets créatifs.

Accorder l'accès https://adobe.acme.co/grant-access

Acme Corporation

123 Innovation Drive, Suite 100, Metropolis, NY 12345 USA https://adobe.acme.co/contact",Medium,Software,2024-10-28T18:37:31.599Z,jane.doe@acme.co
gkytppr0s,Problème de connexion Wi-Fi sur l'appareil,Je n'arrive pas à me connecter au réseau Wi-Fi de l'entreprise. Il semble s'agir d'un problème de configuration spécifique à l'appareil. Pourriez-vous examiner cela et aider à ajuster les paramètres réseau et les protocoles de sécurité ?,Medium,Network,2024-10-28T18:37:24.743Z,user@acme.co
mv9kgzmqh,Demande d'accès au tableau de bord JIRA,"Bonjour, je viens de rejoindre l'équipe Produit et j'ai besoin d'accéder au tableau de bord JIRA. Pourriez-vous m'aider avec cela ? Merci d'avance !",Medium,Software,2024-10-28T18:37:24.650Z,new.employee@acme.co
orxom500k,Demande d'accès au lecteur partagé Marketing,"À l'attention de l'équipe IT Acme, l'équipe marketing a besoin d'accéder à un lecteur réseau partagé pour améliorer la collaboration et optimiser notre flux de travail. Veuillez examiner les détails de la demande ci-dessous et accorder les autorisations nécessaires pour garantir un accès fluide à tous les membres de l'équipe. Demande : ""Accès au lecteur partagé Marketing"" Demandé par : Équipe Marketing Date d'effet : 2024-10-01 Date et heure de soumission : 2024-09-25T11:30:00.000-07:00 PST (Fuseau horaire du serveur Acme) Équipe : Marketing E-mail : marketing.team@acme.co --------------------------------------------------------------- Cet e-mail a été généré par le système de demandes internes d'Acme au nom du département Marketing. Veuillez NE PAS RÉPONDRE à cet e-mail.",Medium,Network,2024-10-28T18:37:26.090Z,marketing.team@acme.co
2odolt3km,Fwd: Demande d'accès aux outils Photoshop & Illustrator,"Bonjour IT - Je voulais m'assurer que vous étiez au courant de cet avis : ---------- Message transféré --------- De : Adobe <hello@adobe.com> Date : Mar. 10 oct. 2023 à 10h15 Objet : Demande d'accès aux outils Photoshop & Illustrator À : <jane.doe@acme.co> Plus de détails à l'intérieur. Veuillez transférer cet e-mail à votre département IT. Ceci est un rappel que nous accorderons l'accès aux outils Adobe Photoshop et Illustrator le 12 octobre 2023, à 9h00 (PT). Le non-respect des étapes nécessaires ci-dessous peut entraîner des retards dans l'accès à ces outils : * Cette mise à jour s'applique uniquement aux utilisateurs disposant d'abonnements actifs Adobe Creative Cloud. * Les utilisateurs peuvent rencontrer le message ""Access Denied"" lorsqu'ils tentent d'ouvrir Photoshop ou Illustrator après la mise à jour d'accès. Si cela se produit, assurez-vous que votre abonnement est actif et essayez de vous déconnecter puis de vous reconnecter à votre compte Adobe. * Si votre compte Adobe est géré par votre organisation, aucune action de votre part n'est requise pour la mise à jour des autorisations d'accès. * Si vous utilisez Adobe Enterprise ID, vous devrez vérifier les détails de votre compte. * Si votre compte Adobe est lié à un e-mail personnel, vous devrez peut-être initier une mise à jour manuelle depuis les paramètres de votre compte le 12 octobre 2023, après 9h00 (PT). Accédez-y ainsi qu'à une copie de notre nouvelle politique d'accès ici (http://app.go.adobe.com/e/er?s=1426&lid=11225&elqTrackId=92d76358302b4038a5becde096401dea&elq=f03455acdbba420d8d6d707a20233c79&elqaid=18903&elqat=1) . Si votre département IT n'a pas accès à l'Adobe Admin Console, veuillez leur transmettre les instructions. * Si votre compte Adobe n'est pas lié à une organisation ou si vous avez besoin d'aide supplémentaire pour effectuer ce changement, contactez directement le support Adobe pour mettre à jour manuellement votre accès avant le 12 octobre, afin de vous assurer de pouvoir continuer à utiliser Photoshop et Illustrator. * Si vous n'êtes pas connecté à l'Adobe Admin Console, il vous sera demandé de saisir vos identifiants lors de l'accès au(x) lien(s). Adobe 345 Park Avenue San Jose, CA 95110 (800) 833-6687 Vous souhaitez modifier la façon dont vous recevez ces e-mails ? Vous pouvez mettre à jour vos préférences (http://go.adobe.com/customersubscription?elqTrackId=82a702c7793c4a0091876a0ac12cbb1b&elq=f03455acdbba420d8d6d707a20233c79&elqaid=18903&elqat=1&elqCampaignId=69212&elqcst=272&elqcsid=2580) ou vous désabonner de cette liste (http://go.adobe.com/customersubscription?elqTrackId=2f2add3195fe450bb8a282e01004a2d2&elq=f03455acdbba420d8d6d707a20233c79&elqaid=18903&elqat=1&elqCampaignId=69212&elqcst=272&elqcsid=2580) . -- Jane Doe | Creative Team Lead Acme Co (https://acme.co/) • New York, NY • she/her",Medium,Software,2024-10-28T18:37:37.114Z,jane.doe@acme.co
fnvia712j,Demande d'accès à la plateforme SFDC,"Bonjour l'équipe IT, j'espère que vous allez tous bien. On m'a informé que je devrais avoir accès à la plateforme SFDC pour nos prochaines initiatives commerciales, mais il semble que je ne dispose pas des autorisations nécessaires. J'ai joint une capture d'écran du message d'erreur que je reçois lorsque j'essaie de me connecter. Merci de me conseiller sur la marche à suivre. Merci beaucoup, Alex",Medium,Account,2024-10-28T18:37:24.834Z,alex@acme.co
ky6gqsgnr,Perte de données intermittente dans une application cloud,"Je rencontre une perte de données intermittente dans notre application cloud, qui semble être due à des problèmes de synchronisation. Cela nécessite une investigation approfondie et une réconciliation manuelle des incohérences de données sur plusieurs comptes utilisateurs et appareils.",High,Software,2024-10-28T18:37:24.461Z,jane.doe@acme.co
cvf932pt2,Problème d'accès à l'outil cloud,"Bonjour, j'ai des difficultés à accéder à l'outil de collaboration cloud, __AcmeCollab__. Il semble qu'il pourrait y avoir un problème avec le provisionnement de mon compte. Je devrais avoir accès aux fonctionnalités de gestion de projet, mais elles sont actuellement indisponibles. Quelqu'un pourrait-il examiner les paramètres et les autorisations de mon compte pour résoudre ce problème ? Merci.",High,Account,2024-10-28T18:37:24.686Z,user123@acme.co
w163exwly,Instructions pour l'accès au bureau à distance,"Bonjour,

J'espère que ce message vous trouve bien ! Pourriez-vous me communiquer les instructions pour accéder au bureau à distance pour la première fois ?

Merci !

Jordan
--
Jordan Smith | IT Support Specialist
Acme Co (http://www.acme.co/)  ● New York, NY",Medium,RemoteWork,2024-10-28T18:37:25.620Z,jordan.smith@acme.co
rq9cpafv3,Dépannage d'une connexion Internet lente sur un ordinateur portable de l'entreprise,"Bonjour,

Nous vous contactons pour vous aider avec le problème de connexion Internet lente sur votre ordinateur portable fourni par l'entreprise. Veuillez suivre ces étapes de dépannage : 1. Redémarrez votre ordinateur portable et votre routeur. 2. Vérifiez si des mises à jour sont disponibles pour votre système d'exploitation et installez-les. 3. Assurez-vous qu'aucune application gourmande en bande passante ne fonctionne en arrière-plan. 4. Essayez de vous connecter à un réseau différent pour voir si le problème persiste. Si le problème continue, veuillez envoyer un e-mail à support@acme.co pour obtenir de l'aide supplémentaire.

Merci !
Acme IT

-- 
Cet e-mail vous a été envoyé car un administrateur IT Acme vous a désigné comme destinataire. Si vous pensez qu'il a été envoyé par erreur, veuillez contacter votre administrateur IT Acme. Si vous ne savez pas qui c'est, veuillez contacter votre Helpdesk ou votre équipe IT.",Medium,Network,2024-10-28T18:37:26.777Z,user@acme.co
hi50xah0r,Demande d'accès à la plateforme SF,"Bonjour, je dois demander un accès à la SF Platform. Merci, Alex Johnson",Medium,Account,2024-10-28T18:37:45.501Z,alex.johnson@acme.co
ngvy8khs5,Dépannage de la connexion Internet lente,"L'utilisateur rencontre une connexion Internet lente sur son ordinateur de bureau personnel. La vitesse Internet est considérablement réduite, ce qui affecte l'efficacité au travail. Une demande de procédures de dépannage détaillées est faite pour résoudre le problème. La connexion lente persiste malgré le redémarrage du routeur et de l'ordinateur.",Medium,Network,2024-10-28T18:37:45.809Z,user123@acme.co
ejw6honqh,Demande d'instructions pour signaler un e-mail de phishing suspect,J'ai reçu un e-mail suspect dans ma boîte de messagerie professionnelle qui semble être une tentative de phishing. Pourriez-vous me fournir les étapes pour le signaler au sein de notre organisation ?,Medium,Security,2024-10-28T18:37:47.055Z,jane.doe@acme.co
v8dysfnx0,Acme : Demande de configuration du Firewall : FW-WS-2023 Configuration du Firewall pour poste de travail,"Demande de configuration du Firewall

Compte  Acme
Identifiant de la demande  FW-WS-2023
Titre de la demande  Configuration du Firewall pour poste de travail
Type de demande  Configuration
Planification de la demande  Dès que possible
Utilisateur  john_doe@acme.co

Cliquez ici  (https://support.acme.co/firewall-setup) pour plus d'informations.

Cet e-mail a été généré automatiquement par Acme IT Support car une demande de configuration a été soumise sur votre compte.

Si vous avez des questions concernant cette communication par e-mail, veuillez contacter Acme IT Support au 1.800.123.4567 ou à support@acme.co .

Cliquez ici  (https://support.acme.co/user-preferences) pour mettre à jour vos préférences de notification utilisateur.",Medium,Software,2024-10-28T18:37:47.989Z,john_doe@acme.co
jfawebid6,Assistance requise pour la synchronisation de Google Calendar avec le système de planification,"Bonjour ! Je vous contacte dans l'espoir d'obtenir de l'aide pour synchroniser un Google Calendar nouvellement créé avec notre système de planification à l'échelle de l'entreprise. L'intégration semble rencontrer des problèmes, et il est crucial pour notre équipe d'avoir ce calendrier synchronisé afin d'éviter tout conflit de planification. Nous avons essayé les étapes de dépannage habituelles, mais le problème persiste. Pourriez-vous examiner cela dans les plus brefs délais ? Merci pour votre aide ! -- Alex Johnson | Coordinateur des opérations Acme Co (https://acme.co/alex-johnson) • New York, NY",Medium,Software,2024-10-28T18:37:47.377Z,alex.johnson@acme.co
w41gfxeb2,Assistance nécessaire pour la restauration de données,"Bonjour à tous, j'ai accidentellement supprimé des fichiers de projet critiques et j'ai besoin d'aide pour les restaurer depuis notre sauvegarde. Ces fichiers sont essentiels pour notre projet actuel, et je dois les récupérer dès que possible. Pourriez-vous me guider dans le processus ou prendre en charge la restauration ? Merci d'avance !",High,Software,2024-10-28T18:37:46.283Z,alex.tharp@acme.co
0k8ro1kdx,Les arrière-plans virtuels ne se chargent pas dans le logiciel de visioconférence,Je rencontre des problèmes persistants avec mon logiciel de visioconférence où les arrière-plans virtuels ne se chargent pas correctement. Cela semble nécessiter une investigation détaillée et un ajustement manuel des paramètres du logiciel. Pourriez-vous également vérifier si des mises à jour sont nécessaires pour mes pilotes graphiques ?,Medium,Software,2024-10-28T18:37:46.244Z,user123@acme.co
hmth9114b,Problème d'installation d'une mise à jour logicielle critique,"Bonjour à l'équipe IT !

J'ai du mal à installer une mise à jour logicielle critique en raison de ce qui semble être une corruption du registre système. Quelqu'un pourrait-il examiner cela et réparer manuellement les entrées du registre ? Il est crucial que la mise à jour soit installée pour maintenir la stabilité du système.

Merci beaucoup !

Cordialement,

Jordan

--

Jordan Smith  |  Analyste Senior

Acme Co (https://acme.co/)   •  New York, NY

AVIS DE CONFIDENTIALITÉ : Le contenu de cet e-mail et de toutes les pièces jointes est destiné uniquement aux destinataires et peut contenir des informations confidentielles et/ou privilégiées, légalement protégées contre la divulgation. Si vous n'êtes pas le destinataire prévu de ce message ou son représentant, ou si ce message vous a été adressé par erreur, veuillez en alerter immédiatement l'expéditeur par e-mail, puis supprimer ce message et toutes les pièces jointes. Si vous n'êtes pas le destinataire prévu, vous êtes informé que toute utilisation, diffusion, copie ou stockage de ce message ou de ses pièces jointes est strictement interdite.

CLAUSE DE NON-RESPONSABILITÉ : L'e-mail ne constitue pas un accord contraignant. Cet e-mail ne constitue pas un accord pour effectuer des transactions par voie électronique et ne crée aucun contrat juridiquement contraignant ou obligation exécutoire en l'absence d'un contrat écrit entièrement signé. Toute clause contractuelle contenue dans cet e-mail est soumise à l'approbation d'Acme Co et n'est pas contraignante tant qu'Acme Co ne fournit pas cette approbation par écrit.",High,Software,2024-10-28T18:37:54.983Z,jordan.smith@acme.co
7dcfxsag7,John Doe - Problèmes de connexion Bureau à distance,"À l'attention d'Acme IT,\n\nDes problèmes persistants ont été détectés avec la connexion Bureau à distance, provoquant des interruptions intermittentes qui nécessitent une investigation détaillée. Veuillez examiner les informations ci-dessous et déterminer si une configuration manuelle des paramètres réseau et des règles de Firewall est nécessaire sur les machines client et serveur pour résoudre le problème.\n\nTransaction : ""Connection Drop: John Doe""\nWorkday ID : 1234567890abcdef1234567890abcdef\nDate d'effet : 2024-11-01\nDate et heure signalées : 2024-10-30T10:15:00.000-07:00 PST (Fuseau horaire du serveur Acme)\n\nEmployé : John Doe\nType d'employé : EE\nE-mail : john.doe@acme.co\n\n---------------------------------------------------------------\nCet e-mail a été généré par Acme IT Support au nom d'Acme HR.\nVeuillez NE PAS RÉPONDRE à cet e-mail.",High,Network,2024-10-28T18:37:48.562Z,john.doe@acme.co
s4919bn8c,Problème d'accès à la base de données interne,"Bonjour à tous ! J'ai du mal à accéder à une base de données interne spécifique et je soupçonne que cela pourrait être dû à une mauvaise configuration complexe du contrôle d'accès basé sur les rôles. Il semble que mes rôles et permissions utilisateur nécessitent une investigation détaillée et un ajustement manuel. Pourriez-vous examiner cela ? Merci ! -- Merci, Alex Johnson | Analyste de données, Business Intelligence",High,Software,2024-10-28T18:37:46.237Z,alex.johnson@acme.co
ng61hwqba,Configuration de l'authentification multi-facteurs,Pourriez-vous me fournir des instructions pour configurer l'authentification multi-facteurs pour mon compte email professionnel ?,Medium,Account,2024-10-28T18:38:03.180Z,jane.doe@acme.co
jqe2pb7of,Demande d'accès aux canaux Slack,"Bonjour, Pourriez-vous m'accorder l'accès aux canaux de discussion de l'entreprise sur Slack ? Merci !",Medium,Communication,2024-10-28T18:38:03.230Z,jane.doe@acme.co
uvsiwf9kz,Demande d'accès aux outils Illustrator & InDesign,"Bonjour l'équipe IT ! J'ai besoin d'accéder à Adobe Illustrator et InDesign pour un projet sur lequel je travaille. J'ai consulté le portail logiciel, mais je n'ai pas trouvé ces outils répertoriés pour l'installation. Pourriez-vous m'indiquer comment obtenir l'accès à ces applications ? S'il existe un processus spécifique ou un formulaire à remplir, veuillez me le faire savoir. J'ai joint une capture d'écran du portail logiciel pour référence. Dans l'attente de votre aide ! Merci !",Medium,Software,2024-10-28T18:38:04.916Z,jane.doe@acme.co
wgb8znxg0,Instructions pour configurer l'email professionnel sur un nouvel appareil mobile,Bonjour ! J'ai besoin d'instructions pour configurer mon email professionnel sur un nouvel appareil mobile. Veuillez fournir les étapes nécessaires ou les paramètres requis.,Medium,Communication,2024-10-28T18:38:03.625Z,user@acme.co
9wkuwgdlj,Demande d'accès hôte pour une réunion Zoom,J'ai besoin d'un accès hôte pour une prochaine réunion Zoom prévue la semaine prochaine. Veuillez accorder les autorisations nécessaires à mon compte.,Medium,Communication,2024-10-28T18:38:03.247Z,jane.doe@acme.co
qsaltut8o,Échec des sauvegardes planifiées du logiciel de sauvegarde automatisé,"Bonjour. Je rencontre des problèmes persistants avec notre logiciel de sauvegarde automatisé. Il semble que les sauvegardes planifiées n'arrivent pas à se terminer. Je pense que cela pourrait nécessiter une investigation détaillée et éventuellement une configuration manuelle des paramètres de sauvegarde. De plus, il pourrait être nécessaire d'ajuster l'allocation de stockage et les autorisations. Quelqu'un peut-il m'aider ? Merci ! -- Alex Johnson | IT Specialist Acme Co (http://www.acme.co) - New York, NY 212.555.0199",High,Software,2024-10-28T18:38:04.469Z,alex.johnson@acme.co
6l81v8qok,Accès aux instances de machines virtuelles,"Bonjour, Je n'arrive pas à accéder à des instances de machines virtuelles spécifiques dans notre environnement cloud. Il semble qu'il pourrait y avoir des erreurs de configuration complexes au niveau des groupes de sécurité réseau. Pourriez-vous enquêter et ajuster manuellement les règles de pare-feu et les contrôles d'accès ? J'ai besoin que cela soit résolu pour pouvoir continuer mon travail. Cordialement, Jamie Doe",High,Network,2024-10-28T18:38:04.045Z,jamie.doe@acme.co
4ya94xs9y,Problème d'authentification par certificat numérique,"Bonjour, Je rencontre des problèmes persistants avec l'authentification par certificat numérique pour les communications email sécurisées. Il semble que cela nécessite une investigation détaillée et éventuellement une reconfiguration manuelle des paramètres de certificat. Il pourrait également être nécessaire de procéder à une réémission des certificats. Pourriez-vous examiner cela ? Merci,",High,Security,2024-10-28T18:38:04.675Z,user@acme.co
on9k2c52p,Configuration des sauvegardes automatisées des données,J'ai besoin d'instructions pour configurer des sauvegardes automatisées des données à l'aide du logiciel approuvé par l'entreprise.,Medium,Software,2024-10-28T18:38:03.196Z,jane.doe@acme.co
7rh5ne450,Instructions pour la configuration de plusieurs moniteurs,Bonjour ! J'ai besoin de conseils sur la façon de connecter et de configurer plusieurs moniteurs à mon poste de travail. Quelqu'un peut-il m'aider ? Merci !,Medium,Hardware,2024-10-28T18:38:04.482Z,abigail.giannou@acme.co
vk3ingxil,Demande : Instructions de restauration de données - backup@acme.co,"Notification du système de sauvegarde Acme Backup System

Acme Backup Image

Cette demande de restauration de données a pour but de vous informer que des instructions sont nécessaires pour restaurer des données à partir d'une sauvegarde en utilisant un logiciel approuvé par l'entreprise.

Les détails de la demande sont les suivants :

Demandeur : backup@acme.co

Par : John Doe Admin (john-admin@acme.co)

Date : Jeu, 12 Oct 2023 10:15 UTC

Le système de sauvegarde n'est pas configuré pour une restauration automatique. Une intervention manuelle est requise pour procéder à la récupération des données. Pour l'activer, suivez les instructions dans le manuel du logiciel.

Accéder au manuel du logiciel

Vous avez reçu cette mise à jour importante concernant votre Acme Backup System car vous êtes le destinataire administrateur désigné pour ce type de demande. Vous pouvez désactiver ces notifications ou modifier les destinataires des e-mails dans la section Paramètres de la Console d'administration.

Acme Co 1234 Elm Street Springfield, USA

-- 
Vous avez reçu ce message car vous êtes abonné au groupe Acme Co ""Data Management"". Pour vous désabonner de ce groupe et ne plus recevoir d'e-mails de sa part, envoyez un e-mail à datamanagement+unsubscribe@acme.co.",Medium,Software,2024-10-28T18:38:18.836Z,backup@acme.co
4xbchwyli,Problème d'accès - Application interne,"Propriétaire : John Doe
Application : InternalAppX
Problème : Impossible d'accéder en raison de problèmes suspectés d'intégration API complexe. Nécessite une investigation détaillée et un ajustement manuel des configurations API et des protocoles d'authentification.",High,Software,2024-10-28T18:38:15.111Z,johndoe@acme.co
kqzbzny9x,Configuration MFA pour l'accès VPN,"Bonjour l'équipe IT, j'ai besoin d'instructions pour configurer l'authentification multi-facteurs afin d'accéder au VPN de l'entreprise. Merci !",Medium,Security,2024-10-28T18:38:14.934Z,user@acme.co
4t7a56z0d,Échecs intermittents de réplication de données dans le SDS,"Bonjour l'équipe IT,

Je rencontre des problèmes persistants avec notre système de stockage à définition logicielle où la réplication des données échoue de manière intermittente. Cela nécessite une investigation détaillée et un ajustement manuel des paramètres de réplication. Il pourrait également être nécessaire d'effectuer une inspection matérielle pour s'assurer que tout fonctionne correctement. Pourriez-vous examiner cela ? C'est crucial pour maintenir l'intégrité de nos données et les performances du système.

Merci,
Alex",High,Software,2024-10-28T18:38:15.873Z,alex@acme.co
ingsgdimf,Demande d'accès aux dépôts GH,"Bonjour l'équipe IT, puis-je obtenir l'accès aux dépôts GitHub pour le nouveau projet ? Merci !",Medium,Account,2024-10-28T18:38:14.848Z,jane.doe@acme.co
1exm9vdsi,Résolution des problèmes de permissions de partage Google Calendar,"Bonjour, je rencontre des problèmes avec les permissions de partage Google Calendar qui ne se synchronisent pas avec les clients externes. Pourriez-vous m'aider à résoudre ce problème ? Merci, Alex Johnson",Medium,Software,2024-10-28T18:38:15.063Z,alex.johnson@acme.co
nhz419gih,Configuration de l'authentification multi-facteurs,"Bonjour l'équipe, pourriez-vous me fournir des instructions pour configurer l'authentification multi-facteurs afin d'accéder au service de stockage cloud de l'entreprise ? Je souhaite m'assurer que mon compte est sécurisé. Merci ! -Alex",Medium,Security,2024-10-28T18:38:15.075Z,alex.jones@acme.co
6qxzkta3q,Tr : URGENT - Assistance requise - Problème d'accès au lecteur réseau partagé,"Bonjour l'équipe IT, je rencontre un problème pour accéder au lecteur réseau partagé. Malgré l'utilisation des identifiants corrects et la possession des autorisations nécessaires, je suis incapable de mapper le lecteur. Pourriez-vous m'aider ? Merci. ---------- Message transféré --------- De : John Doe <john.doe@acme.co> Date : Lun, 16 Oct 2023 à 9:30 Objet : URGENT - Assistance requise - Problème d'accès au lecteur réseau partagé À : it.support@acme.co <it.support@acme.co> Bonjour l'équipe support IT, j'ai essayé de mapper le lecteur réseau partagé sur mon ordinateur, mais je continue de rencontrer un message d'erreur indiquant que l'accès est refusé. J'ai vérifié mes identifiants et confirmé avec mon responsable que je dispose des autorisations appropriées. Pourriez-vous examiner ce problème dès que possible ? Merci. John Doe IT Specialist Acme Co. 1234 Elm Street, Suite 100 Springfield, IL 62701 (o) 217-555-0199 acme.co",Urgent,Network,2024-10-28T18:38:18.093Z,john.doe@acme.co
96xv441y5,Demande : Instructions pour la configuration de l'authentification multi-facteurs,"Bonjour, puis-je avoir les instructions pour configurer l'authentification multi-facteurs afin d'accéder au logiciel de gestion de projets de l'entreprise ? Je souhaite m'assurer que mon compte est sécurisé. Approbateur : Sarah Merci ! Cordialement, Alex Johnson",Medium,Security,2024-10-28T18:38:15.249Z,alex.johnson@acme.co
q82kfaa3x,Bonjour IT ! Besoin d'aide avec la duplication d'événements Google Calendar sur plusieurs comptes.,Bonjour IT ! Nous rencontrons un problème avec Google Calendar où des événements sont dupliqués sur plusieurs comptes utilisateurs. Pourriez-vous nous aider à résoudre ce problème ? Merci !,Medium,Software,2024-10-28T18:38:15.114Z,alex.smith@acme.co
l9p6pnvxf,Demande d'accès au tableau Trello,"Veuillez accorder l'accès au tableau Trello ""Marketing Campaigns"" aux nouveaux membres de l'équipe. Ils doivent collaborer sur des projets à venir et ont besoin des permissions de visualisation et de modification.",Medium,Software,2024-10-28T18:38:30.666Z,jane.doe@acme.co
dg5tagyqt,Demande d'accès aux outils de montage vidéo Premiere Pro,"J'essaie d'accéder à Premiere Pro pour le montage vidéo, mais il semble que je n'aie pas les permissions nécessaires pour utiliser le logiciel. Lorsque je tente de l'ouvrir, un message apparaît indiquant que j'ai besoin des droits administrateur. J'ai vérifié avec mon équipe, et ils ont confirmé que je devrais avoir accès. Y a-t-il un paramètre spécifique ou un contrôle de sécurité qui bloque mon accès ? J'ai également essayé de réinstaller le logiciel, mais le problème persiste.",Medium,Software,2024-10-28T18:38:31.848Z,jane.doe@acme.co
4minv4wej,Assistance requise pour la configuration de l'authentification multi-facteurs sur les systèmes legacy,"Nous rencontrons des problèmes de compatibilité lors de la tentative de configuration de l'authentification multi-facteurs sur nos systèmes legacy. La configuration actuelle ne prend pas en charge les nouveaux protocoles d'authentification, et nous avons besoin de conseils sur la façon de procéder sans compromettre la sécurité.",High,Security,2024-10-28T18:38:30.667Z,alex.jordan@acme.co
7tiogm37z,Configurer l'authentification multi-facteurs pour le portail RH,"Bonjour à l'équipe IT, j'espère que ce message vous trouve bien. Je vous contacte pour demander des instructions détaillées sur la façon de configurer l'authentification multi-facteurs pour accéder au portail RH de l'entreprise. Assurer la sécurité de nos données RH est une priorité absolue, et je veux m'assurer que je suis les bonnes procédures. Pourriez-vous me fournir un guide étape par étape ou m'orienter vers les ressources appropriées ? Merci pour votre aide ! Cordialement, [Your Name]",Medium,Security,2024-10-28T18:38:31.539Z,user@acme.co
gsbql2au5,Projet : Problème d'accès au CRM,Collaborer avec l'IT pour investiguer et résoudre la mauvaise configuration du token OAuth empêchant l'accès au CRM basé sur le cloud. Les paramètres d'authentification actuels et les protocoles de rafraîchissement des tokens nécessitent un ajustement manuel pour un bon fonctionnement.,High,Software,2024-10-28T18:38:32.610Z,user@acme.co
jp7in6v9s,Erreurs d'accès refusé sur le lecteur réseau partagé,"Bonjour à tous ! Je rencontre des problèmes d'erreurs d'accès refusé lorsque j'essaie d'ouvrir des fichiers sur notre lecteur réseau partagé. J'ai vérifié mes permissions, et tout semble être en ordre. Ce n'est pas urgent, mais j'apprécierais de l'aide quand vous aurez le temps. Merci !",Low,Network,2024-10-28T18:38:31.172Z,jane.doe@acme.co
dn74utk13,Problèmes persistants avec le système d'authentification biométrique,"L'utilisateur rencontre des problèmes persistants avec le système d'authentification biométrique qui ne reconnaît pas les empreintes digitales, nécessitant une investigation détaillée et une recalibration manuelle du matériel du scanner d'empreintes digitales et des paramètres logiciels. Détails de la demande : E-mail du demandeur : jane.doe@acme.co Nom du demandeur : Jane Doe Département du demandeur : IT Support Application concernée : Biometric Authentication System Problème signalé le : 2024-05-06T10:30:00-07:00 Note de la demande : Le système ne reconnaît pas les empreintes digitales de manière cohérente, affectant l'accès des utilisateurs. Une recalibration manuelle est nécessaire pour les paramètres matériels et logiciels. Détails de la révision de la demande : Révisé par : john.smith@acme.co Révisé le : 2024-05-06T11:00:00-07:00 Statut de la révision : PENDING Détails de l'exécution : Canal d'exécution : support en personne Exécuté le : 2024-05-06T11:30:00-07:00",High,Hardware,2024-10-28T18:38:33.895Z,jane.doe@acme.co
8ac6h0kwd,Accès au service de partage de fichiers DBox,Demande d'accès au service de partage de fichiers DBox,Medium,Account,2024-10-28T18:38:30.262Z,johndoe@acme.co
g5ox12x1v,Demande d'instructions de connexion VPN pour jane.doe@acme.co,J'ai besoin d'aide pour me connecter au VPN de l'entreprise pour l'accès au travail à distance. Veuillez fournir des instructions détaillées sur la façon de configurer et de se connecter au VPN. Merci !,Medium,RemoteWork,2024-10-28T18:38:30.779Z,jane.doe@acme.co
z9uwss9bt,Demande d'accès à l'espace de travail partagé DBox,J'ai besoin d'accéder à l'espace de travail partagé DBox pour la collaboration sur le projet à venir. Veuillez accorder les permissions à john.doe@acme.co.,Medium,Account,2024-10-28T18:38:30.618Z,john.doe@acme.co
wl2k7c69q,Instructions de réinitialisation du mot de passe pour le logiciel de gestion de projet,Instructions nécessaires pour réinitialiser un mot de passe oublié pour le logiciel de gestion de projet de l'entreprise.,Medium,Software,2024-10-28T18:38:45.298Z,alex.jordan@acme.co
gsxpqf8no,Problème d'accès au serveur de fichiers interne,"15h15

**John Doe ![:file_folder:](https://slack-imgs.com/?c=1&o1=gu&url=https%3A%2F%2Fa.slack-edge.com%2Fproduction-standard-emoji-assets%2F14.0%2Fapple-large%2F1f4c1.png)**

Bonjour équipe IT, j'espère que vous allez tous bien ! Je rencontre un petit problème et j'espérais que vous pourriez m'aider ou m'orienter dans la bonne direction. Je n'arrive pas à accéder à un serveur de fichiers interne spécifique, et je soupçonne que cela pourrait être dû à une mauvaise configuration complexe des stratégies de groupe Active Directory. Il semble que les paramètres de stratégie de groupe et les permissions utilisateur nécessitent une investigation détaillée et un ajustement manuel. Pourriez-vous m'aider ? J'ai besoin d'accéder au serveur pour terminer un projet dont la date limite approche. Merci beaucoup !

15h20

**IT Support ![:computer:](https://slack-imgs.com/?c=1&o1=gu&url=https%3A%2F%2Femoji.slack-edge.com%2FT02T2CNL7%2Fcomputer%2Ff3b8f1a2e3.png)**

Bonjour John, merci de nous avoir contactés ! Désolé d'apprendre ce problème d'accès. Nous pouvons certainement examiner cela pour vous. Pour que nous puissions avancer, pourriez-vous nous fournir le message d'erreur exact que vous recevez lorsque vous essayez d'accéder au serveur ? Cela nous aidera à identifier le problème plus efficacement. N'hésitez pas à nous contacter si vous avez des questions !",High,Network,2024-10-28T18:38:55.127Z,john.doe@acme.co
iiz5r1457,Demande d'accès à GDrive et GDocs,Besoin d'accès pour collaborer sur GDrive et GDocs pour la prochaine campagne Marketing,Medium,Account,2024-10-28T18:38:45.526Z,jane.doe@acme.co
njs5i3n7x,Demande d'instructions pour la planification de sauvegardes automatiques des données,"Bonjour à tous, pourriez-vous s'il vous plaît me fournir les étapes pour planifier des sauvegardes automatiques des données en utilisant le logiciel approuvé par l'entreprise ? Merci !",Medium,Software,2024-10-28T18:38:45.160Z,user@acme.co
rhxsdvazi,Problème d'affichage avec double moniteur,"Je rencontre des problèmes persistants avec ma configuration à double moniteur où l'un des moniteurs n'affiche pas de contenu de manière intermittente. Cela nécessite une investigation détaillée et un ajustement manuel des paramètres d'affichage, des connexions de câbles et une éventuelle inspection matérielle.",Medium,Hardware,2024-10-28T18:38:45.850Z,user@acme.co
kit11236w,Problème d'accès à l'outil Cloud,J'ai des difficultés à accéder à notre outil de gestion de projet basé sur le cloud. Il semble qu'il y ait un problème complexe de limitation du taux d'API. J'ai besoin d'aide pour une investigation détaillée et un ajustement manuel des configurations de requêtes API et des schémas d'accès utilisateur. Quelqu'un de l'IT peut-il examiner cela ?,High,Software,2024-10-28T18:38:45.625Z,user@acme.co
kuv8bhmdx,Demande d'instructions pour signaler un email de phishing,"Bonjour IT, j'espère que vous allez bien ! J'ai reçu un email de phishing sur mon compte email personnel et je souhaite le signaler conformément aux directives de notre entreprise. Pourriez-vous s'il vous plaît me fournir les instructions nécessaires ? J'ai mis John en copie pour l'en informer. Merci !",Medium,Security,2024-10-28T18:38:46.402Z,alex@acme.co
iort40u54,Erreur de déchiffrement du chiffrement des emails,"Bonjour,

J'ai des difficultés avec notre logiciel de chiffrement des emails. Les messages chiffrés ne se déchiffrent pas correctement, et cela cause pas mal de perturbations. Pourriez-vous examiner cela ? Je pense que cela pourrait nécessiter une investigation détaillée et éventuellement une reconfiguration manuelle des paramètres de chiffrement ou des ajustements de la gestion des clés.

Cordialement,

Alex

--
Alex Smith
IT Specialist, Acme Co || Reach out to me (http://acme.co/alex-smith) !",High,Software,2024-10-28T18:38:46.637Z,alex.smith@acme.co
khwl645gs,Échecs de déploiement intermittents,"Bonjour, je rencontre des problèmes persistants avec notre système de déploiement logiciel automatisé. Les déploiements échouent de manière intermittente, et je soupçonne que cela pourrait être dû à des erreurs complexes d'exécution de scripts. Cela nécessite une investigation détaillée et un débogage manuel des scripts de déploiement et des configurations serveur. Pourriez-vous m'aider ?",High,Software,2024-10-28T18:38:46.239Z,user@acme.co
f48mriuds,Instructions pour résoudre les problèmes d'affichage multi-moniteurs,Conseils nécessaires pour résoudre les problèmes d'affichage lors de la connexion de plusieurs moniteurs à un poste de travail.,Medium,Hardware,2024-10-28T18:38:45.307Z,alex.jordan@acme.co
czsez4zif,Instructions pour la création d'un nouveau Google Calendar pour un événement départemental,Instructions nécessaires pour configurer un nouveau Google Calendar pour un événement à l'échelle du département.,Medium,Training,2024-10-28T18:39:03.776Z,alex.jones@acme.co
tkgpedqfl,Configuration de l'accès aux logiciels spécifiques au département,"Bonjour IT,

Il semble que j'ai manqué une étape dans le processus d'intégration de notre nouvel employé. Il est censé avoir accès aux plateformes Marketing Analytics et SalesForce, qui ne sont pas couvertes par l'intégration standard. Pourriez-vous nous aider à configurer leur accès à ces ressources ?

Merci !

--
Alex Jordan | HR Coordinator
Acme Co (https://acme.co/)",Medium,Software,2024-10-28T18:39:05.326Z,alex.jordan@acme.co
wdcdnajlb,Demande d'accès au dossier personnel DBox,Pourriez-vous m'accorder l'accès au dossier personnel DBox ? J'aurai besoin de cet accès pendant que j'assiste John Doe durant sa période de transition de projet.,Medium,Account,2024-10-28T18:39:04.207Z,tina.aguilar@acme.co
837o7vxbb,Problème d'accès à une application interne,"Bonjour l'équipe IT, j'ai des difficultés à accéder à une application interne spécifique. Il semble qu'il pourrait y avoir des problèmes complexes de configuration DNS. Pourriez-vous examiner cela et effectuer les ajustements manuels nécessaires aux paramètres DNS ou aux configurations côté serveur ? Merci !",High,Network,2024-10-28T18:39:04.333Z,user@acme.co
e91xtsiwv,Re: Instructions de vérification de sauvegarde des données,"Approuvé

On Thu, Nov 30, 2023 at 1:20 PM Alex Johnson <alex.johnson@acme.co> wrote:

Pourrais-je obtenir des instructions sur la façon de vérifier le succès d'une sauvegarde de données en utilisant le logiciel approuvé par notre entreprise ?

Je mets en copie mon responsable pour approbation.

--
Alex Johnson
IT Specialist | Acme Co
Visit My Page (http://acme.co/alex.johnson)",Medium,Software,2024-10-28T18:39:05.690Z,alex.johnson@acme.co
v94yqvwas,Problèmes de synchronisation de l'heure sur les appareils,"Bonjour, bonne journée, IT. Nous rencontrons des problèmes persistants de synchronisation de l'heure sur plusieurs appareils dans notre environnement de domaine. Cela nécessite une investigation détaillée et un ajustement manuel des paramètres du serveur NTP. De plus, il pourrait être nécessaire d'inspecter les configurations d'heure spécifiques aux appareils. Veuillez examiner cela dès que possible. Merci !",High,Network,2024-10-28T18:39:04.818Z,user@acme.co
7ynaifq7n,Dépannage des notifications Google Calendar sur mobile,Problèmes de notifications sur les appareils mobiles.,Medium,Software,2024-10-28T18:39:03.285Z,jane.doe@acme.co
eg0yidc93,"Bonjour l'équipe, mes sessions VDI continuent de se bloquer de façon intermittente. Quelqu'un peut-il m'aider à investiguer et à ajuster les paramètres ? :thinking:","Bonjour l'équipe, mes sessions VDI continuent de se bloquer de façon intermittente. Quelqu'un peut-il m'aider à investiguer et à ajuster les paramètres ? :thinking:",High,Infrastructure,2024-10-28T18:39:04.217Z,user123@acme.co
b460j22lo,Demande d'accès au SF Sales Portal,"Bonjour ! J'ai 2 membres de mon équipe qui ont besoin d'accéder au SF Sales Portal. Ils sont tous les deux Sales Associates et nécessitent le même niveau d'accès que celui dont je dispose actuellement. Cela est nécessaire pour qu'ils puissent gérer les interactions avec les clients, suivre la progression des ventes et mettre à jour les enregistrements. 1) Jamie Lee 2) Alex Kim Merci, Sam -- Sam Thompson | Team Lead, Sales Acme Co (https://acme.co/) • Connect with me (https://acme.co/connect/sam-thompson)",Medium,Account,2024-10-28T18:39:05.780Z,sam.thompson@acme.co
m3x9hdi2v,Problème d'accès à l'outil de reporting interne dû à l'optimisation des requêtes de base de données,"L'utilisateur ne peut pas accéder à un outil de reporting interne spécifique en raison de problèmes suspectés d'optimisation complexe des requêtes de base de données, nécessitant une investigation détaillée et un ajustement manuel des configurations de requêtes et de l'indexation de la base de données.",High,Software,2024-10-28T18:39:03.725Z,john.doe@acme.co
q5ogtpd3n,impossible d'accéder à la messagerie et au calendrier gsuite,bonjour j'ai besoin d'aide pour accéder à ma messagerie et à mon calendrier gsuite je pense que j'ai mal configuré les paramètres :/,Medium,Account,2024-10-28T18:39:56.229Z,user123@acme.co
31jnhn5po,Assistance requise pour la configuration de l'accès d'un nouvel employé à un logiciel spécialisé,"Cher équipe IT Support : Une assistance est requise pour configurer l'accès à un logiciel spécialisé pour notre nouvelle employée, Jane Doe. Ce logiciel n'est pas répertorié dans la 'New Hire 101 FAQ'. Nom du compte : Jane Doe Nom du logiciel : Advanced Analytics Pro Description : Jane rejoindra l'équipe d'analyse de données et nécessite un accès à Advanced Analytics Pro pour son rôle. Nom complet du responsable : Sarah Connor Numéro de demande : 00001234.0 Catégorie de statut : En attente Statut de configuration : En attente du IT Support Date de début d'accès au logiciel : 10/15/2023 Date de fin d'accès au logiciel : 10/15/2024 Valeur totale de la licence logicielle : $1,200.00 Cliquez sur le lien ci-dessous pour accéder à la configuration du logiciel : Advanced Analytics Pro (https://acme.co/software/configure) ID de demande : a5N8X0000005xyz ID utilisateur de la demande : 0052M000009PiXY Statut de la demande : Notifié Date de la demande : 10/10/2023 10:00 AM Demande assignée à : IT Support Commentaires de la demande : (Role = Data Analyst) Commentaires de l'approbateur de la demande : Notifié - Informations système - Utilisateur notifié : IT Support 2023-10-10 10:00:00-0400 Approbations : | Nom de l'étape | Statut d'approbation | Date | Assigné à | Dépend de | Approbateur réel | Commentaires de l'approbateur | | IT Review | Approuvé | 10/10/2023 9:00 AM | John Smith | | John Smith | Approuvé - John Smith 2023-10-10 09:00:00-0400 | | IT Review | Approuvé | 10/10/2023 10:00 AM | Software Team | | Sarah Connor | Approuvé - Sarah Connor 2023-10-10 10:00:00-0400 | | IT Review | Non soumis | | Security | | | | | IT Review | Non soumis | | Compliance | | | |",High,Software,2024-10-28T18:39:59.813Z,sarah.connor@acme.co
c5ak82f61,Fwd: Google Calendar Time Zone Issue,Assistance requise pour le dépannage de Google Calendar n'affichant pas les paramètres de fuseau horaire corrects malgré une configuration correcte dans les préférences du compte utilisateur,Medium,Software,2024-10-28T18:39:55.035Z,noah.abramson@acme.co
j7ewcvsq8,Demande : Instructions de configuration de l'authentification multi-facteurs - financial.reporting@acme.co,"Notification de Acme IT Support

Acme Co. Image

Cette demande d'instructions de configuration de l'authentification multi-facteurs vise à vous aider à sécuriser l'accès au système de reporting financier de l'entreprise.

Les détails de la demande sont les suivants :

Utilisateur : financial.reporting@acme.co

Par : Service Account (it-support@acme.co)

Date : Mon, Oct 30 2023 09:00 UTC

Le Support Center n'est pas activé pour cette demande. Le Support Center peut fournir des détails supplémentaires, des options de configuration et des recommandations de sécurité. Pour l'activer, activez le support dans la page de détails de la demande.

Accéder aux détails de la demande

Vous avez reçu cette mise à jour importante concernant votre compte Acme Co. car vous êtes le destinataire administrateur désigné pour ce type de demande. Vous pouvez désactiver ces demandes ou modifier les destinataires des e-mails dans la section Demandes de la Console d'administration.

Acme Co. 1234 Elm Street Anytown, USA

-- 
Vous avez reçu ce message car vous êtes abonné au groupe ""IT Support"" de Acme Co. Groups. Pour vous désabonner de ce groupe et ne plus recevoir d'e-mails de sa part, envoyez un e-mail à itsupport+unsubscribe@acme.co.",Medium,Security,2024-10-28T18:39:58.991Z,financial.reporting@acme.co
z31bb02tg,Assistance à la configuration de la messagerie,"Bonjour IT ! J'ai des difficultés à configurer ma messagerie sur mon appareil mobile. Malgré la saisie des identifiants et des paramètres corrects, je continue de rencontrer des erreurs d'authentification. Pourriez-vous m'aider avec cela ? Merci !",Medium,Communication,2024-10-28T18:39:55.139Z,user@acme.co
8sh44yrk1,Problèmes de synchronisation de la messagerie sur un appareil mobile,"Bonjour équipe IT, Pouvez-vous m'aider avec des problèmes de synchronisation de la messagerie sur mon appareil mobile ? Je rencontre une livraison incohérente des e-mails et des pièces jointes manquantes, même si les paramètres de configuration semblent corrects. Merci, Alex",Medium,Software,2024-10-28T18:39:55.713Z,alex@acme.co
oat88soo8,Instructions pour vérifier l'intégrité des sauvegardes de données,"Bonjour, je recherche des conseils sur la façon de vérifier et d'assurer l'intégrité de nos sauvegardes de données à l'aide du logiciel approuvé par l'entreprise. Pourriez-vous fournir des instructions détaillées ou m'orienter vers les ressources appropriées ? Merci pour votre assistance. Cordialement, -- Alex Johnson | Data Analyst New York, NY",Medium,Software,2024-10-28T18:39:55.266Z,alex.johnson@acme.co
8mvbaeqv9,Demande d'accès à la SF Lightning Platform,"Bonjour IT, j'ai besoin d'un accès à la SF Lightning Platform pour un nouveau membre de l'équipe. Il a complété toutes les procédures d'intégration nécessaires. Les identifiants d'accès peuvent-ils être fournis à : Alex Johnson alex.johnson@acme.co Merci, Jamie Jamie Lee Operations Manager | Acme Co Téléphone : (555) 123-4567 E-mail : j.lee@acme.co Calendrier : https://acme.co/jamie-lee",Medium,Account,2024-10-28T18:39:55.623Z,j.lee@acme.co
v4f7z7h45,Problèmes persistants avec le système de filtrage des e-mails,"L'utilisateur rencontre des problèmes persistants avec le système de filtrage automatique des e-mails où des e-mails légitimes sont incorrectement marqués comme spam, nécessitant une investigation détaillée et un ajustement manuel des règles de filtrage ainsi que des mises à jour potentielles de la liste blanche.",High,Software,2024-10-28T18:39:55.074Z,john.doe@acme.co
arztwej7e,Bonjour équipe IT ! Pourriez-vous fournir des instructions pour résoudre les problèmes de connectivité courants lors de l'accès au bureau à distance ? Merci !,Bonjour équipe IT ! Pourriez-vous fournir des instructions pour résoudre les problèmes de connectivité courants lors de l'accès au bureau à distance ? Merci !,Medium,RemoteWork,2024-10-28T18:39:56.449Z,john.doe@acme.co
oc7sca1s0,Le système d'affichage numérique ne parvient pas à mettre à jour le contenu,"Bonjour,

J'ai un problème avec notre système d'affichage numérique. Le contenu ne se met pas à jour comme il le devrait, et je ne sais pas si c'est un problème de paramètres ou autre chose. J'ai essayé de reconfigurer manuellement les paramètres du système de gestion de contenu, mais le problème persiste. Pourrait-il s'agir d'un problème réseau ou matériel ? Toute aide serait appréciée. Merci !",High,Hardware,2024-10-28T18:40:12.775Z,user@acme.co
slvrxcg5f,Demande d'accès aux outils d'édition Lightroom,J'ai besoin d'accéder aux outils d'édition Lightroom pour mon prochain projet.,Medium,Software,2024-10-28T18:40:11.092Z,jane.doe@acme.co
d409i8eqf,Problèmes de connectivité de l'imprimante,"Bonjour à tous ! J'ai du mal à me connecter à l'imprimante du bureau. Il semble que la connexion se coupe par intermittence, et je ne sais pas comment résoudre ce problème. Pourriez-vous me fournir des instructions ou des conseils pour y remédier ? Merci beaucoup ! Jamie Lee (they/them) Acme Co - Coordinateur de bureau",Medium,Hardware,2024-10-28T18:40:12.829Z,jamie.lee@acme.co
gixitb6w4,Dépannage des erreurs de connexion VPN,"Bonjour, Pourriez-vous fournir des instructions pour résoudre les erreurs de connexion VPN courantes ? Notre équipe rencontre des déconnexions fréquentes et des messages d'erreur. Merci !",Medium,Network,2024-10-28T18:40:11.169Z,kelly.minella@acme.co
8kd33acyo,D'autres personnes rencontrent-elles des bourrages papier dans l'imprimante du bureau ?,"D'autres personnes rencontrent-elles des bourrages papier dans l'imprimante du bureau ? J'ai essayé les solutions habituelles, comme vérifier s'il y a du papier coincé et m'assurer que le bac est bien aligné, mais le problème persiste. Existe-t-il une procédure standard ou un guide que nous devrions suivre ?",Medium,Hardware,2024-10-28T18:40:12.624Z,jane.doe@acme.co
bbdl37pcd,Accès au ZD Support Portal,"Bonjour, j'ai besoin d'accéder au ZD Support Portal pour gérer les tickets de support et mettre à jour les requêtes des clients efficacement. Merci ! Alex",Medium,Account,2024-10-28T18:40:10.921Z,alex@acme.co
1vr8hwega,Demande d'accès au codebase GH,"Équipe, une question rapide. Comment puis-je obtenir l'accès au codebase GH ? Merci",Medium,Account,2024-10-28T18:40:10.882Z,twoodworth@acme.co
1iltey2uy,Demande d'accès aux canaux d'équipe sur la messagerie d'entreprise,"À l'attention de Acme IT, Une demande a été soumise pour accorder l'accès à des canaux d'équipe spécifiques sur la plateforme de messagerie d'entreprise. Veuillez examiner les détails ci-dessous et vous assurer que les autorisations nécessaires sont mises à jour pour faciliter une communication fluide au sein de l'équipe. Transaction : ""Access Request: Team Channels"" Request ID : 9bcd7efg123h456i789j012k345l6789 Date d'effet : 2024-02-10 Date et heure de soumission : 2024-02-10T10:30:00.000-05:00 EST (Acme Server Time Zone) Demandeur : John Doe Type de demandeur : Employé Email : john.doe@acme.co Canaux demandés : Marketing, Development, Sales --------------------------------------------------------------- Cet email a été généré depuis Acme ""acme - PROD"" au nom de Acme HR. Veuillez NE PAS RÉPONDRE à cet email.",Medium,Communication,2024-10-28T18:40:14.868Z,john.doe@acme.co
tdix3n0tk,Problème d'accès à l'application interne,"Bonjour, Pourriez-vous examiner le problème d'accès à notre application interne ? Il semble être lié à la configuration du load balancer. Nous suspectons que les règles de load balancing et les vérifications de l'état des serveurs pourraient nécessiter un ajustement manuel. Une investigation détaillée serait appréciée. Merci,",High,Network,2024-10-28T18:40:11.695Z,user@acme.co
bdrby5ar2,Aide nécessaire pour la configuration du VPN,"Bonjour à l'équipe IT !

Je viens de recevoir mon nouvel ordinateur portable fourni par l'entreprise et j'ai du mal à configurer les paramètres VPN. J'ai suivi les instructions fournies dans l'email d'intégration, mais je n'arrive pas à établir une connexion. Pourriez-vous me fournir des conseils ou des instructions supplémentaires ? Voici une capture d'écran du message d'erreur que je rencontre : https://acme.co/vpn-error-screenshot

Merci d'avance !",Medium,Network,2024-10-28T18:40:12.201Z,jane.doe@acme.co
hizm4cbze,Problèmes de synchronisation de fichiers à distance,"Bonjour, je rencontre des problèmes persistants avec l'accès aux fichiers à distance où les fichiers échouent par intermittence à se synchroniser correctement entre le stockage local et le stockage cloud. Cela nécessite une investigation détaillée et un ajustement manuel des paramètres de synchronisation. Pourriez-vous également inspecter la connectivité réseau et les permissions des fichiers ? Merci, Alex",High,RemoteWork,2024-10-28T18:40:24.510Z,alex@acme.co
1i3dnus2c,Demande d'accès aux outils d'animation After Effects,Besoin d'accès aux outils d'animation After Effects,Medium,Software,2024-10-28T18:40:23.982Z,jane.doe@acme.co
7g0box9fq,Instructions de configuration de l'imprimante par défaut,"Bonjour, pourriez-vous s'il vous plaît fournir des instructions pour configurer une imprimante par défaut sur mon ordinateur portable fourni par l'entreprise ? Je mets en copie mon responsable à cet e-mail. Merci, Alex Johnson",Medium,Hardware,2024-10-28T18:40:24.283Z,alex.johnson@acme.co
cy93jemet,Accès au compte DBox Business,"Bonjour à tous, je n'arrive pas à accéder à mon compte DBox Business. Pourriez-vous m'aider à résoudre ce problème ? -- Alex Johnson | Project Manager Acme Co (https://acme.co/) • Connect with me (https://acme.co/alex-johnson)",Medium,Account,2024-10-28T18:40:24.564Z,alex.johnson@acme.co
j3u5twh6n,Re: [Acme IT] Re: Ticket #10452 - Investigation: Suspected Phishing Email Incident,"Ceci est un suivi de votre demande précédente #10452 ""Investigation: Suspected Phishing Email Incident""",High,Security,2024-10-28T18:40:24.728Z,heather.jones@acme.co
5bnfc6ubs,Urgent ! Assistance requise pour la configuration double moniteur,"Bonjour,

J'ai essayé de configurer une configuration double moniteur sur mon poste de travail, mais les moniteurs ne sont pas détectés malgré le respect de toutes les consignes de connexion fournies.

Pourriez-vous vérifier s'il y a un problème avec les paramètres du poste de travail ou si j'ai besoin de pilotes supplémentaires ? J'ai besoin que ce problème soit résolu rapidement car cela affecte ma productivité.

Merci,
Alex",Urgent,Hardware,2024-10-28T18:40:24.562Z,alex@acme.co
bae34vnk2,Alerte : Anomalies dans les rapports financiers du système ERP - John Doe (john.doe@acme.co),"Notification du système Acme ERP

Image du système ERP

Cette alerte d'anomalie dans les rapports financiers a pour but de vous informer que les rapports financiers générés par le système ERP contiennent des données incorrectes, nécessitant une attention immédiate.

Les détails de l'alerte incluent :

Utilisateur : John Doe (john.doe@acme.co)

Par : ERP System (erp-support@acme.co)

Date : Mon, Oct 30 2023 10:00 UTC

Alert Center n'est pas activé pour cette règle. Alert Center peut fournir des détails supplémentaires, des options d'investigation et des recommandations de remédiation. Pour l'activer, activez les alertes dans la page de détails de la règle.

Accéder aux détails de la règle

Vous avez reçu cette mise à jour importante concernant votre système ERP car vous êtes le destinataire administrateur désigné pour ce type d'alerte. Vous pouvez désactiver ces alertes ou modifier les destinataires des e-mails dans la section Règles de la Admin Console.

Acme Co 1234 Elm Street Anytown, USA

--
Vous avez reçu ce message car vous êtes abonné au groupe Acme Co ""ERP Support"". Pour vous désabonner de ce groupe et ne plus recevoir ses e-mails, envoyez un e-mail à erpsupport+unsubscribe@acme.co.",High,Software,2024-10-28T18:40:29.812Z,john.doe@acme.co
nc5voxprn,Problème de rendu des fichiers médias - Gestion des actifs numériques,Enquêter sur les problèmes persistants liés aux fichiers médias qui échouent par intermittence à s'afficher correctement dans le système de gestion des actifs numériques. Nécessite une investigation détaillée et un ajustement manuel des paramètres d'encodage des médias. Une inspection potentielle des workflows de traitement côté serveur est nécessaire.,High,Software,2024-10-28T18:40:24.447Z,j.doe@acme.co
krd16kh1x,Instructions de réinitialisation du mot de passe requises - Plateforme interne,"Propriétaire : Jamie Smith
Plateforme : Acme Internal Communication
Problème : Mot de passe oublié",Medium,Account,2024-10-28T18:40:23.998Z,jamie.smith@acme.co
c2cheoqdv,Re: [Acme IT] Re: Ticket #44567 - Remote Desktop Software Update Instructions Needed,"Ceci est un suivi de votre demande précédente #44567 ""Remote Desktop Software Update Instructions Needed""

J'ai essayé de suivre les étapes fournies dans le guide initial, mais je ne suis toujours pas en mesure de mettre à jour le logiciel de bureau à distance vers la dernière version. Pourriez-vous s'il vous plaît fournir des instructions supplémentaires ou suggérer des étapes additionnelles que je pourrais essayer ?",Medium,Software,2024-10-28T18:40:25.160Z,jane.doe@acme.co
1kk8i0rjk,Accès à l'espace de collaboration DBox Team,"Bonjour, Pourriez-vous m'accorder l'accès à l'espace de collaboration DBox Team ? Merci !",Medium,Account,2024-10-28T18:40:42.000Z,jane.doe@acme.co
ncys4qmpt,Échecs de téléchargement SFTP,"Faites-moi savoir si je dois diviser ceci en plusieurs tickets. Je rencontre des problèmes persistants avec SFTP où les téléchargements de fichiers échouent de manière intermittente. Je suspecte des erreurs de configuration côté serveur complexes qui nécessitent une investigation détaillée. Cela pourrait nécessiter un ajustement manuel des paramètres du serveur et éventuellement une inspection des protocoles de sécurité réseau. Faites-moi savoir s'il y a autre chose dont vous avez besoin de ma part, merci ! -- Alex Johnson IT Specialist Email: alex.johnson@acme.co",High,Network,2024-10-28T18:40:42.014Z,alex.johnson@acme.co
f21gp9dot,Assistance Requise : Dépannage de la configuration des e-mails sur appareil mobile,"Notification de Acme IT Support

Acme Co. Image

Cette demande d'assistance est pour vous informer qu'un utilisateur rencontre des problèmes d'accès aux sous-dossiers sur son appareil mobile malgré une configuration de compte et des paramètres de synchronisation corrects.

Les détails de la demande sont les suivants :

Utilisateur : John Doe (john.doe@acme.co)

Par : Service Account (it-support@acme.co)

Date : Mon, Oct 16 2023 10:45 UTC

Le Support Center n'est pas activé pour ce problème. Le Support Center peut fournir des détails supplémentaires, des options d'investigation et des recommandations de dépannage. Pour l'activer, activez le support dans la page de détails du problème.

Accéder aux détails du problème

Vous avez reçu cette mise à jour importante concernant votre compte Acme Co. car vous êtes le destinataire administrateur désigné pour ce type de support. Vous pouvez désactiver ces notifications ou modifier les destinataires des e-mails dans la section Support de l'Admin Console.

Acme Co. 123 Innovation Drive Tech City, CA 94043

-- 
Vous avez reçu ce message parce que vous êtes abonné au groupe ""IT Support"" de Acme Co. Pour vous désabonner de ce groupe et ne plus recevoir ses e-mails, envoyez un e-mail à itsupport+unsubscribe@acme.co.",Medium,Communication,2024-10-28T18:40:45.494Z,john.doe@acme.co
ujwveoos9,Problèmes de récupération dans le système d'archivage des e-mails d'entreprise,"Je rencontre des problèmes persistants avec le système d'archivage des e-mails d'entreprise. Les e-mails archivés échouent de manière intermittente à être récupérés, nécessitant une investigation détaillée et un ajustement manuel des paramètres d'archivage. Veuillez également inspecter l'infrastructure de stockage.",High,Infrastructure,2024-10-28T18:40:41.692Z,user123@acme.co
tieptoh4z,Re: Demande d'accès pour l'intégration GMail et GCal,"Bonjour. Je fais appel à notre équipe IT car elle gère les accès système pour les employés. Elle est actuellement en session d'IT Orientation. Alex - vous devriez pouvoir accéder à cette réunion depuis votre Google Calendar via Okta, alors rejoignez-la maintenant si vous le pouvez. Vous pouvez parler directement avec quelqu'un de l'IT pour obtenir une mise à jour sur l'intégration. Merci ! - Jamie Smith Le mar. 10 oct. 2023 à 9h07, Taylor Green <t.green@acme.co> a écrit : Bonjour Alex, J'ai contacté l'Onboarding et les RH. Je leur ai donné votre numéro de téléphone portable. Nous espérons pouvoir vous remettre sur la bonne voie rapidement. Le mar. 10 oct. 2023 à 8h54, Taylor Green <t.green@acme.co> a écrit : Oui, s'il vous plaît. Cela devait être configuré dans la nuit de lundi. J'ai mis Jamie en copie de cet e-mail et je vais également lui envoyer un message sur Slack. Peut-être pourriez-vous vous connecter via votre ordinateur personnel. Le mar. 10 oct. 2023 à 8h49, Alex Johnson <alex.johnson@acme.co> a écrit : Merci Taylor ! Je n'ai pas encore reçu l'accès à GMail et GCal et je ne savais pas exactement qui contacter. Dois-je contacter les RH ? Cordialement, -Alex Le lun. 9 oct. 2023 à 15h28, Taylor Green <t.green@acme.co> a écrit : Bonjour Alex, Je suis tellement contente que vous commenciez mardi. Si vous avez besoin de quoi que ce soit, n'hésitez pas à me le faire savoir. Je suis là pour aider. Passez une excellente journée ! Chaleureusement, Taylor -- Taylor Green | Lead Recruiter Acme Co (https://acme.co/) • Open Position (https://acme.co/careers/) • Book a time with me (https://acme.co/taylorgreen/candidate-call) -- Alex Johnson -- Taylor Green | Lead Recruiter Acme Co (https://acme.co/) • Open Position (https://acme.co/careers/) • Book a time with me (https://acme.co/taylorgreen/candidate-call) -- Taylor Green | Lead Recruiter Acme Co (https://acme.co/) • Open Position (https://acme.co/careers/) • Book a time with me (https://acme.co/taylorgreen/candidate-call) -- Jamie Smith | People Operations Specialist II | they/them Acme Co (https://acme.co/) • New York, NY",Medium,Account,2024-10-28T18:40:54.492Z,alex.johnson@acme.co
zc4n2g8dv,Instructions de vérification de la sauvegarde des données,"Bonjour équipe IT, Veuillez fournir des instructions détaillées sur la façon de vérifier l'achèvement d'un processus de sauvegarde des données à l'aide du logiciel approuvé par l'entreprise. Merci !",Medium,Software,2024-10-28T18:40:41.706Z,jane.doe@acme.co
jmm69mpwo,Investigation des conflits d'adresses IP du client VPN,Problèmes persistants avec la connexion du client VPN entraînant des conflits inattendus d'attribution d'adresses IP.,High,Network,2024-10-28T18:40:41.084Z,alex.smith@acme.co
emgk3lgws,Problèmes de connexion SSO d'entreprise,"Bonjour ! Je rencontre des difficultés avec notre système SSO d'entreprise. Mes tentatives de connexion échouent de manière intermittente, et je suspecte que cela pourrait être dû à des erreurs de configuration complexes du fournisseur d'identité. Je pense qu'une investigation détaillée et éventuellement des ajustements manuels des paramètres SSO pourraient être nécessaires. Il pourrait également être nécessaire de synchroniser les attributs utilisateur entre plusieurs sources d'identité. Rien d'urgent – dites-moi simplement quelles seraient les meilleures prochaines étapes ! Désolé pour le dérangement. Merci, Jamie",Medium,Software,2024-10-28T18:40:43.536Z,jamie@acme.co
x7rpu8nb0,Problème de versionnage des documents dans le système de gestion d'entreprise,"Problèmes persistants avec le versionnage des documents qui ne se met pas à jour correctement, nécessitant une investigation détaillée et un ajustement manuel des paramètres de contrôle des versions. Une inspection potentielle de l'intégrité de la base de données est nécessaire.",High,Software,2024-10-28T18:40:41.692Z,alex.smith@acme.co
vpughsen4,Demande d'accès à l'outil de gestion de projet JIRA,"Bonjour,

J'espère que ce message vous trouve bien. Je vous contacte pour demander l'accès à l'outil de gestion de projet JIRA pour notre projet à venir. Nous avons besoin d'un administrateur pour accorder l'accès à l'outil JIRA (https://acme.co/jira-access) pour notre équipe. J'ai ajouté @Jane Doe, @IT Support, @John Smith et @Emily Davis en tant que collaborateurs sur ce projet pour s'assurer que les autorisations nécessaires sont en place.

Merci pour votre aide !

--

Alex Johnson | Project Coordinator | Let's connect! (https://acme.co/connect/alex)
Acme Co | acme.co | Join our team! (https://acme.co/careers)",Medium,Software,2024-10-28T18:40:43.700Z,alex.johnson@acme.co
xqrrcxzz3,Demande d'accès aux outils InDesign & Acrobat,Bonjour à tous ! Puis-je demander l'accès aux outils InDesign & Acrobat pour mon compte ? Merci d'avance.,Medium,Software,2024-10-28T18:41:03.351Z,jane.doe@acme.co
dn27ty3d2,Bonjour à tous ! L'équipe IT demande l'accès au système ZDesk Support.,"Bonjour à tous ! L'équipe IT demande l'accès au système ZDesk Support afin d'améliorer ses capacités d'assistance. Cet accès permettrait de rationaliser nos processus de support et d'améliorer les temps de réponse aux demandes des clients. L'accès inclurait les fonctionnalités suivantes (selon nos besoins) :

Gestion des utilisateurs
Priorisation des tickets
Tableau de bord analytique
Rapports personnalisés
Intégration avec le CRM existant

Pour plus d'informations sur le système ZDesk Support, consultez la page suivante : https://acme.co/zdesk-support.

Si vous avez des questions supplémentaires, n'hésitez pas à me le faire savoir !

Merci, et bon vendredi !
--

Jordan Lee | _IT Support Specialist_

Acme Co • Help Center • New York, NY

![](https://acme.co/images/zdesk-support)",Medium,Software,2024-10-28T18:41:05.031Z,jordan.lee@acme.co
opfwy55ms,Bonjour ! Pourriez-vous fournir des instructions pour soumettre un nouvel article sur l'intranet ?,Bonjour ! Pourriez-vous fournir des instructions pour soumettre un nouvel article ou annonce sur l'intranet de l'entreprise ? Merci !,Low,Communication,2024-10-28T18:41:02.444Z,john.doe@acme.co
vb8hunui9,Instructions pour configurer la messagerie professionnelle sur un appareil mobile,Demande d'instructions détaillées.,Medium,Communication,2024-10-28T18:41:02.073Z,john.doe@acme.co
swtogsl0u,Bonjour ! Assistance requise pour la réinitialisation du mot de passe : les questions de sécurité ne sont pas reconnues.,Bonjour ! J'ai du mal à réinitialiser mon mot de passe car les questions de sécurité ne sont pas reconnues malgré des réponses correctes. Pourriez-vous m'aider à résoudre ce problème ?,Medium,Account,2024-10-28T18:41:02.377Z,user@acme.co
frv0zluqs,Accès aux canaux Slack,"Bonjour ! Quelqu'un pourrait-il m'aider à obtenir l'accès aux canaux Team Comms sur Slack ? Merci beaucoup ! Alex -- Alex Smith | Team Lead, Marketing Acme Co (http://www.acme.co/) ● New York, NY ● They/Them",Medium,Communication,2024-10-28T18:41:04.070Z,alex.smith@acme.co
x5texzl6g,Assistance requise pour la configuration de la messagerie sur un appareil mobile,"@it.support et l'équipe, aidez-moi s'il vous plaît ! Je suis incapable d'envoyer des e-mails depuis mon appareil mobile en raison de ce qui semble être une mauvaise configuration du serveur SMTP, bien que mes paramètres de messagerie entrante soient corrects. J'ai tout vérifié à nouveau et toujours sans succès. Toute aide serait grandement appréciée !",Medium,Communication,2024-10-28T18:41:02.721Z,user@acme.co
9evzghvge,Demande d'accès au dépôt GH pour la collaboration,Veuillez accorder l'accès au dépôt GH à des fins de collaboration.,Medium,Account,2024-10-28T18:41:02.073Z,jane.doe@acme.co
hj0aen3a0,Demande d'accès à l'outil de gestion des tâches Trello,"Bonjour IT, Pourriez-vous m'accorder l'accès à Trello ? J'ai besoin d'organiser les tâches de notre projet et de collaborer efficacement avec l'équipe. Merci, Alex",Medium,Software,2024-10-28T18:41:03.151Z,alex@acme.co
890zwmzyb,Problème de désynchronisation de la vidéoconférence,Nous avons récemment rencontré des problèmes persistants avec notre système de vidéoconférence d'entreprise. Veuillez examiner les points suivants pour une résolution potentielle : - Les flux audio et vidéo se désynchronisent par intermittence - Un ajustement manuel des paramètres de codec peut être nécessaire - Une inspection de la bande passante réseau et de la latence est recommandée,High,Network,2024-10-28T18:41:03.958Z,user@acme.co
toexky0r0,Enquêter sur les problèmes d'application des politiques MDM,"Bonjour à tous ! Notre système MDM d'entreprise n'applique pas correctement les politiques des appareils, ce qui entraîne des problèmes persistants. Pourriez-vous effectuer une enquête détaillée et ajuster manuellement les configurations des politiques ? De plus, une inspection des paramètres de conformité spécifiques aux appareils pourrait être nécessaire. Merci !",High,Software,2024-10-28T18:41:13.995Z,user@acme.co
1owy9njm6,Écarts de niveaux de stock dans le système ERP,"Bonjour à l'équipe IT,

Je rencontre des problèmes persistants avec notre système ERP où les niveaux de stock sont reflétés de manière inexacte. Cela nécessite une enquête détaillée et un ajustement manuel des paramètres de suivi des stocks. De plus, il pourrait être nécessaire de réconcilier les écarts de données entre plusieurs modules.

Je reçois le message ""Data Mismatch Detected"" lorsque je tente de mettre à jour le stock.

--
Alex Johnson
Coordinateur des opérations - Gestion des stocks (https://acme.co/wiki/inventory-management)
Acme Co (http://acme.co)
Planifier une réunion de 30 minutes avec moi (https://acme.co/alexjohnson/30-minute-meeting)",High,Software,2024-10-28T18:41:15.735Z,alex.johnson@acme.co
0ba8mcez5,Demande d'instructions pour la configuration du MFA pour le CRM,"Bonjour à l'équipe IT, je souhaite configurer l'authentification multi-facteurs pour accéder à notre système CRM. Pourriez-vous me fournir les instructions nécessaires ou m'orienter vers les ressources appropriées ? Merci !",Medium,Software,2024-10-28T18:41:14.464Z,jane.doe@acme.co
xfizd7lmc,Demande d'accès à la ZDesk Agent Console,J'avais auparavant accès à la ZDesk Agent Console depuis mon tableau de bord. Je ne la vois plus. Merci de me conseiller.,Medium,Software,2024-10-28T18:41:13.993Z,jane.doe@acme.co
25gu6wlyw,Demande d'accès à la plateforme de gestion de projets Trellies,"Bonjour, je m'appelle Alex Johnson et je travaille au bureau de gestion de projets sous la responsabilité de Lisa Wong (Directrice de la gestion de projets). Ceci est une demande d'accès à la plateforme de gestion de projets Trellies afin de collaborer sur des projets en cours et d'optimiser notre flux de travail. N'hésitez pas à me contacter si vous avez besoin d'informations supplémentaires. Merci, -Alex",Medium,Software,2024-10-28T18:41:15.247Z,alex.johnson@acme.co
4vkoef9yf,Optimisation des paramètres d'affichage pour plusieurs moniteurs,"Bonjour,

J'ai récemment configuré plusieurs moniteurs sur mon poste de travail et je souhaite optimiser les paramètres d'affichage pour améliorer ma productivité. Pourriez-vous me fournir des instructions ou des conseils sur la façon d'ajuster efficacement ces paramètres ?

J'ai un emploi du temps chargé cette semaine et j'apprécierais toute aide que vous pourriez m'apporter dans les meilleurs délais.

Merci pour votre assistance,
John",Medium,Software,2024-10-28T18:41:14.698Z,john.doe@acme.co
frjxo5hxi,Problèmes persistants de mise à jour des métadonnées dans le système ECM,"L'utilisateur rencontre des problèmes persistants avec le système de gestion de contenu d'entreprise où les métadonnées des documents ne se mettent pas à jour correctement, nécessitant une enquête détaillée et un ajustement manuel des paramètres de configuration des métadonnées ainsi qu'une inspection potentielle des processus de synchronisation de la base de données.",High,Software,2024-10-28T18:41:14.112Z,alex.smith@acme.co
09fqvnu90,Demande d'accès aux outils GDrive et GSheets,"Bonjour à l'équipe IT, j'ai besoin d'accéder à GDrive et GSheets pour la collaboration sur un projet. Pourriez-vous m'aider ? Merci !",Medium,Account,2024-10-28T18:41:13.960Z,jane.doe@acme.co
om0zgruni,Acme Identity - Provisionnement des comptes utilisateurs : Défaillances intermittentes dans le système de gestion des identités d'entreprise,"Problème signalé : Défaillances du provisionnement des comptes utilisateurs\n\nSystème : Gestion des identités d'entreprise\n\nProblème : Défaillances intermittentes dans le provisionnement des comptes utilisateurs, nécessitant une intervention manuelle.\n\nEnquête requise ?\nOui\n\nDomaines potentiels à inspecter :\n- Flux de travail de provisionnement\n- Points d'intégration avec les systèmes externes\n\nDemandeur : Alex Johnson\nSpécialiste du support IT\nResponsable : sarah.connor@acme.co\n\nDate de la demande : 5 oct. 2024\n\nNote de la demande : Attention urgente requise pour éviter toute perturbation du flux de travail.",High,Software,2024-10-28T18:41:16.767Z,alex.johnson@acme.co
x4kw5cnxg,Demande d'accès à O365 Email & OneDrive pour un nouveau membre de l'équipe,"Bonjour, nous devons accorder l'accès aux services O365 Email & OneDrive au membre de l'équipe suivant : alex.jordan@acme.co. Merci d'avance ! -- Cordialement, Jamie Lee | Spécialiste du support IT Acme Co (http://acme.co) • New York, NY",Medium,Account,2024-10-28T18:41:14.569Z,jamie.lee@acme.co
6ihvgi282,Instructions pour résoudre les messages d'erreur de l'imprimante,"Bonjour IT ! Je rencontre des messages d'erreur courants lorsque j'essaie d'imprimer depuis l'imprimante du bureau. Pourriez-vous fournir des instructions étape par étape pour résoudre ces problèmes ? J'ai essayé de chercher par moi-même mais je me suis un peu perdu. Toute aide serait appréciée ! Merci beaucoup ! Alex Johnson | Office Coordinator Administration • New York, NY",Medium,Hardware,2024-10-28T18:41:26.371Z,alex.johnson@acme.co
nlvercftl,Alerte : Problème de connectivité de l'imprimante - Imprimante de bureau non reconnue,"Notification de Acme IT Support

Acme IT Support Image

Cette alerte de problème de connectivité de l'imprimante est pour vous informer que l'imprimante de bureau n'est pas reconnue par le réseau malgré une configuration correcte et l'installation des pilotes.

Les détails de l'alerte incluent :

Modèle d'imprimante : HP LaserJet Pro M404

Emplacement : 3rd Floor, Room 305

Date : Mon, Oct 16 2023 10:45 UTC

Les diagnostics réseau n'ont pas été activés pour ce problème. Les diagnostics réseau peuvent fournir des détails supplémentaires, des options d'investigation et des recommandations de remédiation. Pour les activer, veuillez contacter l'équipe de support IT.

Contacter le support IT

Vous avez reçu cette mise à jour importante concernant votre équipement de bureau car vous êtes le destinataire administrateur désigné pour ce type d'alerte. Vous pouvez désactiver ces alertes ou modifier les destinataires des e-mails dans la section Équipement de la Admin Console.

Acme Co 123 Business Road Metropolis, NY 10001

-- 
Vous avez reçu ce message car vous êtes abonné au groupe ""Office Equipment"" de Acme Co. Pour vous désabonner de ce groupe et ne plus recevoir d'e-mails de sa part, envoyez un e-mail à officeequipment+unsubscribe@acme.co.",Medium,Network,2024-10-28T18:41:28.289Z,john.doe@acme.co
ubucd171m,Fwd: Problèmes de synchronisation du calendrier sur la plateforme de collaboration,"Bonjour IT,

Pourriez-vous enquêter sur les problèmes persistants de synchronisation du calendrier sur notre plateforme de collaboration d'entreprise ? Les événements du calendrier partagé échouent de manière intermittente à se synchroniser entre les membres de l'équipe, ce qui nécessite un ajustement manuel des paramètres de synchronisation du calendrier. Une inspection détaillée des configurations des comptes utilisateurs pourrait être nécessaire.

Merci
Alex

Alex Johnson | Project Management

Acme Co (https://acme.co/)   • Book time with me (https://acme.co/alex-johnson)",High,Software,2024-10-28T18:41:26.743Z,alex.johnson@acme.co
2jjbgmaie,Configuration des notifications par e-mail sur mobile,"Bonjour IT, j'ai besoin d'aide pour configurer les notifications par e-mail sur mon appareil mobile. J'ai essayé de suivre les instructions sur le portail Acme, mais je ne reçois toujours aucune alerte. Pourriez-vous fournir un guide étape par étape ou me indiquer s'il existe un paramètre spécifique que je pourrais manquer ? J'ai tenté de trouver une solution via le helpdesk, mais la page affichait une erreur 500. Merci de me conseiller.",Medium,Communication,2024-10-28T18:41:26.544Z,alex.taylor@acme.co
rnvzwoxw6,Ajustement de règle de pare-feu nécessaire,Je rencontre des problèmes persistants avec notre pare-feu d'entreprise où certains trafics sortants sont bloqués de manière intermittente. Cela nécessite une investigation détaillée et un ajustement manuel des règles du pare-feu. Pourriez-vous également inspecter les journaux de trafic réseau pour identifier d'éventuelles anomalies ?,High,Network,2024-10-28T18:41:26.080Z,user@acme.co
2sbgn9a6l,Problème avec la plateforme d'analyse de données,"Bonjour, je rencontre des problèmes persistants avec notre plateforme d'analyse de données d'entreprise. Les actualisations de données planifiées échouent de manière intermittente, et je dois ajuster manuellement les connexions aux sources de données. Pourriez-vous enquêter sur ce problème et inspecter les configurations du processus ETL ? Merci, Alex",High,Software,2024-10-28T18:41:26.206Z,alex@acme.co
vaslvrybw,Fwd: Besoin d'aide avec un lecteur réseau,Je n'arrive pas à comprendre comment mapper un lecteur réseau partagé sur mon ordinateur portable d'entreprise. Pourriez-vous fournir des instructions ?,Medium,Network,2024-10-28T18:41:25.930Z,alex.smith@acme.co
ftmfvqfh0,Instructions pour signaler les e-mails de phishing,"Bonjour ! J'ai besoin d'aide pour identifier et signaler les e-mails de phishing à l'aide de l'outil de sécurité des e-mails de notre entreprise. :) Pourriez-vous fournir des instructions étape par étape pour repérer les tentatives de phishing et la procédure pour les signaler via l'outil ? De plus, s'il existe des sessions de formation ou des ressources disponibles, j'aimerais en être informé. Merci beaucoup !!",Medium,Training,2024-10-28T18:41:26.345Z,jane.doe@acme.co
6hyk96yb5,Dépannage de l'accès à l'intranet,"Bonjour, équipe IT. J'ai des difficultés à accéder à certaines pages de notre intranet. Ma configuration réseau et les paramètres de mon navigateur semblent corrects, mais les pages ne se chargent tout simplement pas. Avez-vous une idée de la personne à contacter pour obtenir de l'aide ? https://intranet.acme.co/help",Medium,Network,2024-10-28T18:41:26.249Z,user123@acme.co
e8qrtx7pl,Demande d'accès aux dépôts de l'organisation GitHub,"Bonjour équipe IT, j'ai des difficultés à accéder aux dépôts de l'organisation GitHub. Pourriez-vous m'accorder les permissions nécessaires ? J'ai besoin d'un accès pour collaborer sur des projets à venir. Faites-moi savoir si vous avez besoin d'informations supplémentaires de ma part. Merci !",Medium,Account,2024-10-28T18:41:26.233Z,jane.doe@acme.co
wfdz0grf1,Planification de rappels réguliers pour la sauvegarde des données,"Veuillez fournir des instructions détaillées sur la façon de planifier des rappels réguliers pour la sauvegarde des données à l'aide du logiciel approuvé par l'entreprise. Assurez-vous que les étapes sont claires et faciles à suivre. Une fois terminé, veuillez télécharger toute documentation pertinente dans le IT Shared Drive -> dossier Backup Instructions -> dossier '202x - Qx' (X étant l'année en cours et x étant le trimestre en cours).",Medium,Software,2024-10-28T18:41:36.670Z,jane.doe@acme.co
1k70sc9rs,Demande : Instructions de configuration de l'authentification multi-facteurs,"Notification de Acme IT Support

Image de Acme Co.

Cette demande a pour but de vous informer qu'une assistance est nécessaire pour configurer l'authentification multi-facteurs afin d'accéder au système de suivi du temps de l'entreprise.

Les détails de la demande sont les suivants :

Utilisateur : john.doe@acme.co

Demandé par : John Doe (john.doe@acme.co)

Date : Mon, Oct 30 2023 14:45 UTC

Veuillez fournir des instructions détaillées sur la façon d'activer et de configurer l'authentification multi-facteurs pour renforcer la sécurité. Des ressources supplémentaires ou des liens vers des guides de configuration seraient appréciés.

Consultez le MFA Setup Guide

Vous avez reçu cette demande importante car vous êtes le contact IT support désigné pour ce type de demande. Vous pouvez mettre à jour vos préférences de notification ou modifier les destinataires des e-mails dans la section IT Support de la Admin Console.

Acme Co. 1234 Elm Street Anytown, USA

-- 
Vous avez reçu ce message car vous êtes abonné au groupe ""IT Support"" de Acme Co. Pour vous désabonner de ce groupe et ne plus recevoir d'e-mails de sa part, envoyez un e-mail à itsupport+unsubscribe@acme.co.",Medium,Security,2024-10-28T18:41:39.020Z,john.doe@acme.co
5w2lx23s7,Demande d'accès aux services O365 Teams & Outlook,Détails de la demande d'accès.,Medium,Account,2024-10-28T18:41:35.806Z,john.doe@acme.co
47vgytj3a,Demande d'accès à la plateforme de collaboration T-Board,"Détails de la demande d'accès.

Détails de la demande :
	E-mail du demandeur : john.doe@acme.co
	Nom du demandeur : John Doe
	Département du demandeur : Marketing
	Plateforme demandée : T-Board Collaboration
	Niveau d'accès demandé : Standard
	Demande soumise le : 2024-07-15T11:15:00-07:00
	Note de la demande : Requis pour la coordination de projet et la collaboration en équipe

Détails de l'examen de la demande :
	Examiné par : jane.smith@acme.co
	Examiné le : 2024-07-15T12:30:00-07:00
	Statut de l'examen : APPROVED

Détails de l'exécution :
	Canal d'exécution : internal portal
	Exécuté le : 2024-07-15T12:45:00-07:00",Medium,Account,2024-10-28T18:41:37.603Z,john.doe@acme.co
f9b2rn8xh,Système CRM - Problèmes de flux de travail,"Bonjour, je rencontre des problèmes persistants avec notre système CRM où les flux de travail automatisés ne se déclenchent pas de manière intermittente. Cela nécessite une investigation détaillée et un ajustement manuel des configurations des flux de travail. Pourriez-vous examiner ce problème et inspecter les points d'intégration avec les services externes ? Merci !",High,Software,2024-10-28T18:41:36.145Z,user@acme.co
1ntu94d02,Connexion Internet lente et persistante sur un poste de travail,"Nous rencontrons une connexion Internet lente et persistante sur un poste de travail spécifique, malgré la stabilité du réseau et des paramètres de configuration corrects. Veuillez nous aider à diagnostiquer et à résoudre ce problème.",Medium,Network,2024-10-28T18:41:36.180Z,john.doe@acme.co
wl6pzbg7l,Problème d'alertes du logiciel de sécurité des endpoints d'entreprise,"Un membre de l'équipe de sécurité IT rencontre des problèmes persistants avec le logiciel de sécurité des endpoints d'entreprise. Les alertes de détection des menaces ne sont pas générées de manière intermittente, nécessitant une investigation détaillée et un ajustement manuel des règles de détection. Une inspection des journaux de mise à jour du logiciel pourrait être nécessaire.",High,Security,2024-10-28T18:41:36.200Z,j.doe@acme.co
6bfa2gt6w,Échecs des alertes du système de surveillance réseau : Investigation requise,"Le système de surveillance réseau d'entreprise connaît des défaillances intermittentes dans le déclenchement des alertes pour des segments réseau spécifiques. Des ajustements manuels des configurations de surveillance sont nécessaires, et une investigation détaillée de la topologie réseau et de l'état des équipements est requise. Veuillez examiner les actions suivantes : 1. Inspecter les configurations de surveillance pour les segments concernés. 2. Vérifier la topologie réseau et l'état des équipements. 3. Ajuster les configurations si nécessaire pour s'assurer que les alertes se déclenchent correctement. Si une assistance supplémentaire est nécessaire, veuillez escalader vers l'équipe d'ingénierie réseau. Utilisateur : John Doe E-mail : john.doe@acme.co",High,Network,2024-10-28T18:41:36.983Z,john.doe@acme.co
teo5revap,Demande d'accès aux outils Illustrator & Photoshop,Veuillez m'accorder l'accès aux outils Illustrator & Photoshop car ils sont essentiels pour mes tâches de conception.,Medium,Software,2024-10-28T18:41:35.830Z,jane.doe@acme.co
lhz9f81p3,Accès à Asana pour j.doe@acme.co,"Bonjour IT, Veuillez accorder l'accès à Asana pour j.doe@acme.co. Merci, Jane Smith Équipe de gestion de projet",Medium,Software,2024-10-28T18:41:35.971Z,j.doe@acme.co
qu6bou0xc,Incohérence d'accès à l'intranet : Problème d'accès utilisateur,"L'utilisateur suivant signale un accès incohérent aux ressources spécifiques au département malgré des permissions correctes et une configuration réseau adéquate. Une investigation est nécessaire pour résoudre les problèmes d'accès. Étapes à suivre : 1. Vérifier les permissions de l'utilisateur dans le système intranet. 2. Vérifier les paramètres de configuration réseau pour détecter toute incohérence. 3. S'assurer que toutes les ressources spécifiques au département sont correctement mappées au profil de l'utilisateur. Si les problèmes persistent, veuillez escalader au réseau team pour une analyse approfondie. Utilisateur : Alex Johnson Email : a.johnson@acme.co Département : Marketing",High,Network,2024-10-28T18:41:48.185Z,a.johnson@acme.co
1000dbtlh,Lecteur réseau - Problème d'accès : Impossible d'ouvrir des dossiers spécifiques malgré un mappage et des permissions corrects,"Problème signalé : Impossibilité d'accéder à des dossiers spécifiques sur le lecteur réseau partagé malgré un mappage et des permissions corrects.\n\nLecteur réseau : Shared Drive X\n\nPermissions vérifiées ?\nOui\n\nÉquipe IT notifiée ?\nOui\n\nNotifié par :\nJohn Doe\nSpécialiste du support IT\nManager : jane.smith@acme.co\n\nDate du rapport :\nOct 5, 2024\n\nNotes supplémentaires :\nAccès nécessaire aux fichiers du projet pour une échéance prochaine.",High,Network,2024-10-28T18:41:48.383Z,john.doe@acme.co
cjt8t5scv,Bonjour ! Pouvez-vous m'aider avec ma connexion VPN ? Merci !,Bonjour ! J'ai des difficultés à établir une connexion VPN sécurisée même si j'ai suivi toutes les directives de configuration et utilisé les identifiants corrects. Pouvez-vous m'aider ? Merci !,Medium,Network,2024-10-28T18:41:47.536Z,user123@acme.co
s7vsmtcmj,Problème de permissions sur le stockage cloud d'entreprise,"Bonjour à tous, je rencontre des problèmes persistants avec notre système de stockage cloud d'entreprise où les permissions d'accès aux fichiers se réinitialisent de façon intermittente aux paramètres par défaut. Cela nécessite une investigation détaillée et un ajustement manuel des configurations de permissions. Pourriez-vous également inspecter les journaux d'accès utilisateur ? Merci, Alex Johnson | Coordinateur IT Acme Co ( https://acme.co/ ) • New York, USA",High,Software,2024-10-28T18:41:47.870Z,alex.johnson@acme.co
b9bi4w7sr,Demande d'accès au compte GH Enterprise,Détails de la demande d'accès.,Medium,Account,2024-10-28T18:41:47.232Z,jane.doe@acme.co
d2l6qvoug,Assistance requise - Problème d'accès au bureau à distance,"À l'attention de Acme IT,\n\nUn utilisateur rencontre des difficultés à se connecter à son poste de travail distant malgré une configuration réseau et des identifiants corrects. Veuillez examiner le problème et fournir une assistance pour garantir un accès à distance sans interruption.\n\nTransaction : ""Remote Desktop Access Troubleshooting""\nID utilisateur : 12345abcde67890fghij\nDate et heure signalées : 2024-08-15T09:30:00.000-05:00 CST (Fuseau horaire du serveur Acme)\n\nUtilisateur : John Doe\nType d'utilisateur : Employé à distance\nEmail : john.doe@acme.co\n\n\nConfiguration réseau : Vérifiée\nConfiguration des identifiants : Vérifiée\n\n---------------------------------------------------------------\nCet email a été généré par le Acme IT Support System au nom de Acme HR.\nVeuillez NE PAS RÉPONDRE à cet email.",High,RemoteWork,2024-10-28T18:41:49.583Z,john.doe@acme.co
vzl46789t,Demande d'accès au tableau de tâches Asana,Demande d'accès au tableau de tâches Asana pour la collaboration sur le projet.,Medium,Software,2024-10-28T18:41:47.272Z,jane.doe@acme.co
sn75mdkc4,Smartphone - Dépannage de la lenteur de la connexion Internet,Bonjour à l'équipe IT ! J'espère que vous passez une bonne journée. Pourriez-vous me fournir des instructions sur la façon de dépanner une connexion Internet lente sur mon smartphone fourni par l'entreprise ? Merci beaucoup !,Medium,Network,2024-10-28T18:41:47.544Z,jane.doe@acme.co
0q84tpmtp,Configuration des filtres de messagerie,"Demande d'instructions - Configuration des filtres de messagerie pour signaler les emails de phishing

Nom : John Doe
Responsable : Jane Smith
Département : IT Support
Titre : IT Specialist
Date de la demande : 10/15/2023
Achèvement prévu : 10/20/2023",Medium,Software,2024-10-28T18:41:48.350Z,johndoe@acme.co
g1zsugzux,Dépannage de l'intégration Google Calendar,"Bonjour à l'équipe IT, je rencontre des problèmes avec l'intégration de Google Calendar avec notre logiciel de planification tiers. Malgré des paramètres de configuration corrects, je constate une synchronisation des événements incohérente et certaines entrées manquantes. Pourriez-vous m'aider à résoudre ce problème ? Merci !",Medium,Software,2024-10-28T18:41:47.591Z,user@acme.co
57xrvwqoz,Instructions pour résoudre les problèmes de connexion Internet lente sur une tablette d'entreprise,Demande d'instructions étape par étape pour résoudre les problèmes de connexion Internet lente sur une tablette fournie par l'entreprise.,Medium,Network,2024-10-28T18:41:59.518Z,john.doe@acme.co
3g7nmxqkp,Demande d'accès pour ZD Agent Workspace,Détails de la demande d'accès. Détails de la demande : E-mail du demandeur : alex.taylor@acme.co Nom du demandeur : Alex Taylor Département du demandeur : Customer Support Application demandée : ZD Agent Workspace Licence demandée : Full Access Demande soumise le : 2024-07-15T09:20:00-07:00 Note de la demande : Requis pour la gestion des tickets de support escaladés. Détails de l'examen de la demande : Examiné par : j.doe@acme.co Examiné le : 2024-07-15T09:45:00-07:00 Statut de l'examen : APPROVED Détails de l'exécution : Canal d'exécution : internal system Exécuté le : 2024-07-15T10:00:00-07:00 Canal d'exécution : internal system Exécuté le : 2024-07-15T10:15:00-07:00,Medium,Account,2024-10-28T18:42:01.670Z,alex.taylor@acme.co
ulro32hp3,Re: Access Request for Adobe XD Design Tools - All Acme Co,Phase 2 de https://acme.co/ithelp/tickets/12345 Accordera l'accès aux Adobe XD Design Tools pour l'équipe de design de premier niveau de Acme Co.,Medium,Software,2024-10-28T18:41:59.805Z,jane.doe@acme.co
arcs97jp6,Assistance requise pour la configuration de l'accès d'un nouvel employé au portail interne sécurisé,"Cher équipe de support IT : Assistance requise pour la configuration de l'accès d'un nouvel employé au portail interne sécurisé : L'utilisateur est incapable de s'authentifier malgré des identifiants corrects et le respect des directives du ""New Hire 101 FAQ"". Nom du compte : John Doe ID utilisateur : JDoe123 Description : Configuration de l'accès pour le nouvel employé Nom complet du propriétaire : Jane Smith Catégorie de statut : Problème d'accès Statut : Résolution en attente Date de la demande d'accès : 10/15/2023 9:00 AM Valeur totale de l'accès : N/A Cliquez sur le lien ci-dessous pour accéder au portail : Secure Internal Portal (https://acme.co/secure-portal) ID de la demande d'accès : a5N8X0000005xyz ID utilisateur d'accès : 0052M000009PiXY Statut de la demande d'accès : Notified Date de la demande d'accès : 10/15/2023 9:00 AM Demande d'accès assignée à : IT Support Commentaires de la demande d'accès : (User Type = Employee) Commentaires de l'approbateur de la demande d'accès : Notified - System Info - Utilisateur notifié : IT Support 2023-10-15 09:00:00-0400 Approbations d'accès : | Nom de l'étape | Statut d'approbation | Date | Assigné à | Dépend de | Approbateur réel | Commentaires de l'approbateur | | IT Review | Pending | 10/15/2023 9:00 AM | Jane Smith | | Jane Smith | Pending - Jane Smith 2023-10-15 09:00:00-0400 | | IT Review | Not Submitted | | Security | | | | | IT Review | Not Submitted | | IT Support | | | | Reassigned - John Doe Info - Réassigné à Jane Smith 2023-10-15 08:55:00-0400 |",High,Account,2024-10-28T18:42:04.392Z,jdoe@acme.co
daao5wluy,Demande d'accès pour les outils Premiere & After Effects,Bonjour ! J'ai besoin d'accéder aux outils Premiere & After Effects qui sont essentiels pour nos projets de montage vidéo. Veuillez vous assurer que les autorisations nécessaires sont accordées dans le coffre Creative Suite. cc: @John Doe,Medium,Software,2024-10-28T18:41:59.619Z,jane.doe@acme.co
esr24h5h2,Échecs intermittents des snapshots de VM,"Bonjour équipe IT,\n\n+CC'ing Alex, mon responsable direct.\n\nJe rencontre des problèmes persistants avec notre système de gestion de machines virtuelles d'entreprise. Les snapshots de VM échouent par intermittence, ce qui nécessite une investigation détaillée et un ajustement manuel des paramètres de snapshot. Il pourrait également être nécessaire d'inspecter l'infrastructure de stockage.\n\nVeuillez trouver ci-dessous une capture d'écran du message d'erreur.\n\nJe me trouve au siège de Acme Co., au cas où vous auriez besoin de vérifier la configuration physique.\n\nCordialement,\n\nJordan Smith  |  IT Operations Specialist\n\nAcme Co. (https://acme.co/)   •  Help Center (https://acme.co/help)   •  Submit a ticket (https://acme.co/support)",High,Infrastructure,2024-10-28T18:42:03.438Z,jordan.smith@acme.co
uutx12nsj,Échecs intermittents de déploiement de logiciels,"Bonjour équipe IT, je vous contacte car nous rencontrons des problèmes persistants avec notre outil de déploiement de logiciels d'entreprise. Plus précisément, certains packages d'applications échouent par intermittence à s'installer sur les appareils cibles. Cela nécessite une investigation détaillée et un ajustement manuel des configurations de déploiement. Nous pourrions également avoir besoin d'inspecter l'intégrité des packages et les paramètres de compatibilité. Votre aide pour résoudre ce problème serait grandement appréciée !",High,Software,2024-10-28T18:42:00.153Z,john.doe@acme.co
mhq047k94,Demande d'accès pour les outils O365 Word & Excel,Détails de la demande d'accès. Détails de la demande : E-mail du demandeur : john.doe@acme.co Nom du demandeur : John Doe Département du demandeur : Finance Application demandée : O365 Word & Excel Licence demandée : User Demande soumise le : 2024-10-05T10:15:00-07:00 Note de la demande : Requis pour la préparation des rapports financiers. Détails de l'examen de la demande : Examiné par : jane.smith@acme.co (jane.smith@acme.co) Examiné le : 2024-10-06T11:00:00-07:00 Statut de l'examen : APPROVED Détails de l'exécution : Canal d'exécution : internal portal Exécuté le : 2024-10-06T11:30:00-07:00,Medium,Software,2024-10-28T18:42:01.268Z,john.doe@acme.co
e2u2l45s1,Assistance requise pour la configuration et l'intégration de Google Calendar,Assistance nécessaire pour configurer un nouveau Google Calendar et s'assurer qu'il s'intègre aux protocoles de planification spécifiques au département.,Medium,Software,2024-10-28T18:41:59.566Z,john.doe@acme.co
h2bwu5buc,Bonjour IT ! J'espère que vous passez une excellente journée !,Bonjour IT ! J'espère que vous passez une excellente journée ! Il semble que nous ayons besoin d'accéder aux GH Enterprise Repositories pour @jordan.smith - quelqu'un pourrait-il nous aider ?,Medium,Account,2024-10-28T18:41:59.762Z,jordan.smith@acme.co
xum12h8j4,Demande d'accès au tableau de bord ZDesk Agent,J'ai besoin d'accéder au tableau de bord ZDesk Agent pour mon poste. Veuillez accorder les permissions nécessaires.,Medium,Software,2024-10-28T18:42:12.837Z,jane.doe@acme.co
951vx62su,Accès au lecteur réseau partagé,"Bonjour équipe IT, j'ai des difficultés à accéder au lecteur réseau partagé depuis mon ordinateur de bureau personnel. Pourriez-vous me fournir les instructions pour le configurer ? Merci !",Medium,Network,2024-10-28T18:42:13.240Z,jane.doe@acme.co
gzm0m2o5i,Connexion Internet lente et persistante sur le poste de travail,"Bonjour équipe IT, je rencontre une connexion Internet lente et persistante sur mon poste de travail, même si le réseau est stable et que tous les paramètres de configuration semblent corrects. Ce problème affecte ma productivité car le chargement des pages web et l'accès aux ressources en ligne prennent beaucoup de temps. J'ai essayé de redémarrer l'ordinateur et de vérifier les câbles, mais le problème persiste. Pourriez-vous m'aider à diagnostiquer et résoudre ce problème dans les meilleurs délais ? Merci ! Cordialement, John Doe",High,Network,2024-10-28T18:42:13.829Z,johndoe@acme.co
q30lk8vfa,Demande d'accès : JIRA Kanban Board - John Doe (j.doe@acme.co),"Notification de JIRA

Demande d'accès JIRA

Cette alerte de demande d'accès vous informe qu'un utilisateur a demandé l'accès à un JIRA Kanban Board.

Les détails de la demande sont les suivants :

Utilisateur : John Doe (j.doe@acme.co)

Demandé par : Self-Service Portal (it-portal@acme.co)

Date : Mon, Nov 20 2023 14:32 UTC

L'accès à ce tableau est actuellement restreint. Pour examiner et approuver la demande, veuillez vous rendre dans la section Gestion des accès de la JIRA Admin Console.

Accéder à la Gestion des accès

Vous avez reçu cette mise à jour importante concernant votre compte JIRA car vous êtes le destinataire administrateur désigné pour ce type de demande. Vous pouvez gérer ces demandes ou modifier les destinataires des e-mails dans la section Gestion des accès de la Admin Console.

Acme Co 123 Innovation Drive Tech City, TX 75001

-- 
Vous avez reçu ce message car vous êtes abonné au groupe Acme Co IT Support. Pour vous désabonner de ce groupe et ne plus recevoir ses e-mails, envoyez un e-mail à itsupport+unsubscribe@acme.co.",Medium,Account,2024-10-28T18:42:16.106Z,j.doe@acme.co
4ad79qtcx,Demande d'accès aux canaux de messagerie Slack,Ticket pour Jamie. A contacté par e-mail aujourd'hui pour demander l'accès à des canaux Slack spécifiques pour l'équipe marketing.,Medium,Communication,2024-10-28T18:42:12.877Z,jamie@acme.co
18mfy29si,Problème de liste de distribution e-mail - Échecs de livraison intermittents,"Responsable : John Doe
Problème : Problèmes persistants avec la liste de distribution e-mail d'entreprise
Détails : Certains destinataires ne reçoivent pas les messages de manière intermittente, nécessitant une investigation détaillée et un ajustement manuel des paramètres de la liste de distribution ainsi qu'une inspection potentielle des journaux du serveur e-mail.",High,Communication,2024-10-28T18:42:13.332Z,johndoe@acme.co
x7nqo302g,Alertes d'accès non autorisé sur le poste de travail,Investigation sur les alertes d'accès non autorisé.,High,Security,2024-10-28T18:42:13.240Z,john.doe@acme.co
hjvxly8dh,Demande d'accès aux outils de conception Adobe Spark,"Bonjour à tous, Jordan Smith a demandé l'accès aux outils de conception Adobe Spark, ce qui a été approuvé par le département design. Création de cette demande d'accès pour fournir les permissions nécessaires à Jordan afin d'utiliser Adobe Spark pour les projets à venir. Veuillez vous assurer que l'accès est accordé d'ici vendredi afin de respecter les délais du projet.",Medium,Software,2024-10-28T18:42:13.273Z,jordan.smith@acme.co
gbox8vmi5,Problème de synchronisation des mots de passe,"Bonjour équipe IT, je rencontre des problèmes avec notre système de gestion des mots de passe d'entreprise. La synchronisation des mots de passe entre plusieurs applications échoue de manière intermittente. Quelqu'un pourrait-il examiner cela ? Une investigation détaillée et un ajustement manuel des paramètres de synchronisation pourraient être nécessaires. De plus, il pourrait être nécessaire d'inspecter les points d'intégration spécifiques aux applications. Merci !",High,Software,2024-10-28T18:42:13.474Z,user@acme.co
4q06jbf94,Configuration de l'accès VPN pour un nouvel employé,"Bonjour IT,

Notre nouvel employé a des difficultés à se connecter au VPN de l'entreprise. Il a suivi les instructions du ""New Hire 101 FAQ"" et saisi les identifiants corrects, mais ne parvient toujours pas à se connecter. Pourriez-vous l'aider ? Faites-moi savoir si vous avez besoin d'informations supplémentaires de ma part !

Merci,

Alex",High,Network,2024-10-28T18:42:15.109Z,alex@acme.co
1pi74dk25,Problème de configuration d'affichage multi-moniteurs,"Je rencontre des problèmes avec ma configuration multi-moniteurs. Les moniteurs affichent une résolution et une orientation incorrectes, même si j'ai suivi les directives de connexion. Pourriez-vous m'aider à résoudre ce problème ?",Medium,Hardware,2024-10-28T18:42:23.886Z,jane.doe@acme.co
oxpholpn7,Demande d'accès à l'outil JIRA Sprint Planning,Bonjour ! Il semble que j'ai perdu l'accès à l'outil JIRA Sprint Planning. Je pense que cela s'est produit lorsque je nettoyais mes permissions et que je l'ai accidentellement supprimé. Pourriez-vous m'aider à retrouver l'accès ? C'est crucial pour la planification de mon projet actuel. Merci !,Medium,Software,2024-10-28T18:42:24.373Z,jane.doe@acme.co
5qg3sw174,Demande d'accès aux GH Team Projects,"Bonjour l'équipe IT ! J'ai besoin d'accéder aux GH Team Projects afin de collaborer efficacement avec l'équipe sur nos projets en cours. Cela contribuera à optimiser notre flux de travail et à s'assurer que tout le monde est sur la même longueur d'onde. Merci d'avance et n'hésitez pas à me contacter si vous avez besoin d'informations supplémentaires. Cordialement ! Jamie Lee | Coordinateur de projet Acme Co. • New York, NY",Medium,Account,2024-10-28T18:42:24.247Z,jamie.lee@acme.co
kwmtuhhp6,Connexion Internet lente sur le poste de travail,Je rencontre une connexion Internet persistante et lente sur mon poste de travail. Le reste du réseau semble stable et tous les paramètres de configuration semblent corrects. Pourriez-vous m'aider à diagnostiquer et résoudre ce problème ?,Medium,Network,2024-10-28T18:42:24.043Z,user@acme.co
zfk2toisd,Problèmes intermittents de rapport d'état des appareils IoT,"Bonjour l'équipe IT,\n\nJe rencontre des problèmes persistants avec notre système de gestion des appareils IoT d'entreprise. Certains appareils échouent de manière intermittente à envoyer des mises à jour d'état, ce qui nécessite une investigation détaillée. J'ai dû ajuster manuellement les paramètres de communication des appareils à plusieurs reprises. De plus, je soupçonne qu'il pourrait y avoir des problèmes de connectivité réseau ou avec les versions de firmware de ces appareils. Pourriez-vous examiner cela ?\n\nMerci,\nAlex",High,Network,2024-10-28T18:42:26.757Z,alex@acme.co
1m9rqjzd8,Assistance requise : Problèmes avec les codes de vérification de l'authentification multi-facteurs,"Notification de Acme IT Support

Acme IT Support Image

Cette demande d'assistance concernant l'authentification Multi-Factor Authentication (MFA) est pour vous informer qu'un utilisateur rencontre des problèmes pour recevoir des codes de vérification sur un nouvel appareil mobile malgré le suivi des étapes de configuration correctes.

Les détails de la demande incluent :

Utilisateur : j.doe@acme.co

Par : Service Account (it-support@acme.co)

Date : Mon, Oct 30 2023 14:45 UTC

Le Support Center n'est pas activé pour ce problème. Le Support Center peut fournir des détails supplémentaires, des options d'investigation et des recommandations de remédiation. Pour l'activer, activez le support dans la page de détail du problème.

Accéder aux détails du problème

Vous avez reçu cette mise à jour importante concernant votre compte Acme car vous êtes le destinataire administrateur désigné pour ce type de support. Vous pouvez désactiver ces notifications ou modifier les destinataires des e-mails dans la section Support de la Admin Console.

Acme Inc. 123 Innovation Drive Tech City, CA 94043

-- 
Vous avez reçu ce message car vous êtes abonné au groupe Acme Groups ""IT Support"". Pour vous désabonner de ce groupe et ne plus recevoir d'e-mails de celui-ci, envoyez un e-mail à itsupport+unsubscribe@acme.co.",Medium,Account,2024-10-28T18:42:26.757Z,j.doe@acme.co
z72g0y3t4,Fwd : Demande de configuration de Google Calendar,"Bonjour l'équipe IT, j'essaie de configurer un nouveau Google Calendar pour notre série de réunions d'équipe récurrentes, mais je ne sais pas comment procéder. Pourriez-vous me fournir des instructions ou des conseils à ce sujet ? Merci !",Medium,Software,2024-10-28T18:42:24.151Z,j.doe@acme.co
zb4gprrvy,Assistance requise pour l'investigation d'une alerte de sécurité : Activité de connexion inhabituelle,"Bonjour, j'ai suivi assidûment les directives ""Securing Your Workstation"", mais mon poste de travail a été signalé pour une activité de connexion inhabituelle. Quelqu'un peut-il m'aider à investiguer et résoudre ce problème ? Merci !",High,Security,2024-10-28T18:42:24.043Z,user@acme.co
nqfqf9rno,Demande d'accès : Fonctionnalités du compte Zoom Pro,"Notification de Zoom

Zoom Account Image

Cette alerte de demande d'accès est pour vous informer qu'une demande a été faite pour activer les fonctionnalités Pro sur votre compte Zoom.

Les détails de la demande incluent :

Utilisateur : a.smith@acme.co

Par : Service Account (it-service@acme.co)

Date : Mon, Oct 30 2023 14:45 UTC

L'Account Center n'est pas activé pour cette fonctionnalité. L'Account Center peut fournir des détails supplémentaires, des options de fonctionnalités et des recommandations de mise à niveau. Pour l'activer, activez les fonctionnalités dans la page de détail du compte.

Accéder aux détails du compte

Vous avez reçu cette mise à jour importante concernant votre compte Zoom car vous êtes le destinataire administrateur désigné pour ce type de demande. Vous pouvez désactiver ces alertes ou modifier les destinataires des e-mails dans la section Compte de la Admin Console.

Zoom Video Communications, Inc. 55 Almaden Blvd, San Jose, CA 95113

-- 
Vous avez reçu ce message car vous êtes abonné au groupe Zoom Groups ""Account Management"". Pour vous désabonner de ce groupe et ne plus recevoir d'e-mails de celui-ci, envoyez un e-mail à account+unsubscribe@acme.co.",Medium,Account,2024-10-28T18:42:27.077Z,a.smith@acme.co
gsvjjul9o,Demande d'accès aux privilèges d'hébergement de webinaires Zoom,"Bonjour l'équipe IT, j'espère que vous allez bien ! Je vous contacte pour demander des privilèges d'hébergement pour les webinaires Zoom. Pour faciliter cela, pourriez-vous me fournir les informations suivantes : - Les exigences spécifiques ou les prérequis pour héberger des webinaires - Les instructions sur la façon de configurer et de gérer efficacement un webinaire - Les sessions de formation disponibles pour les nouveaux hôtes Une fois que j'aurai ces informations, je pourrai procéder à la planification et à l'hébergement de webinaires pour notre équipe. De plus, s'il y a des permissions ou des paramètres à ajuster dans mon compte Zoom, veuillez me le faire savoir. Merci pour votre aide. Si vous avez des questions ou avez besoin d'informations supplémentaires, n'hésitez pas à me contacter. Cordialement, Alex Johnson",Medium,Software,2024-10-28T18:42:25.638Z,alex.johnson@acme.co
p45ivgh45,Demande d'accès aux outils Adobe Acrobat Pro,Veuillez m'accorder l'accès aux outils Adobe Acrobat Pro,Medium,Software,2024-10-28T18:42:36.128Z,colin.mault@acme.co
jhwd27qtj,Problèmes de synchronisation avec l'outil de documents cloud,"Bonjour IT, j'espère que vous allez bien ! Si possible, veuillez diriger ce ticket vers Kevin Bobson. Nous rencontrons des problèmes persistants avec notre outil de collaboration documentaire cloud d'entreprise. Les fonctionnalités d'édition en temps réel échouent par intermittence à synchroniser les modifications entre les membres de l'équipe. Cela nécessite une investigation détaillée et un ajustement manuel des paramètres de synchronisation. De plus, il pourrait être nécessaire d'inspecter la latence réseau et les flux de traitement côté serveur. N'hésitez pas à me contacter si vous avez des questions ou des préoccupations. Votre aide est grandement appréciée ! Cordialement, Alex",High,Software,2024-10-28T18:42:37.765Z,alex.jones@acme.co
kx77knmo2,Accès au lecteur réseau partagé depuis un smartphone,"J'ai besoin d'aide pour accéder au lecteur réseau partagé depuis mon smartphone fourni par l'entreprise. Veuillez fournir des instructions étape par étape ou les configurations nécessaires pour se connecter au lecteur. Assurez-vous que l'accès est sécurisé et conforme aux politiques de l'entreprise. S'il existe des applications spécifiques ou des paramètres VPN nécessaires, veuillez également inclure ces détails.",Medium,Network,2024-10-28T18:42:36.821Z,j.doe@acme.co
f06tf5vec,Demande d'accès aux canaux Slack,Pourriez-vous s'il vous plaît accorder l'accès à Jane Doe pour les canaux #company-comms et #team-updates sur Slack ?,Medium,Communication,2024-10-28T18:42:36.246Z,jane.doe@acme.co
2sybmc7lx,Fwd: Révision urgente requise pour un e-mail de phishing,"Bonjour à tous - J'ai accidentellement marqué un e-mail de phishing comme sûr et il se trouve maintenant dans ma boîte de réception. Pouvez-vous m'aider avec une révision manuelle et escalader si nécessaire ? Merci, Alex",High,Security,2024-10-28T18:42:36.783Z,alex.jordan@acme.co
gwlmpib7p,Dépannage de l'accès à l'intranet - Assistance requise,"Bonjour l'équipe IT, j'espère que vous allez bien ! Je vous contacte car j'ai des difficultés à accéder à des ressources internes spécifiques sur notre intranet, même si mes permissions et mes paramètres réseau semblent corrects. Pourriez-vous m'aider à résoudre ce problème ? Voici quelques détails qui pourraient être utiles : - Les ressources spécifiques auxquelles je ne peux pas accéder - Toute modification récente de mon compte ou de mes paramètres réseau - Les messages d'erreur que je reçois Si vous avez besoin de plus d'informations de ma part, faites-le moi savoir. Dans l'attente de vos conseils à ce sujet. Merci pour votre assistance. Cordialement, Alex",Medium,Network,2024-10-28T18:42:37.609Z,alex@acme.co
uvs5xd0yr,Accès à Adobe Fresco pour Jamie Lee,"Bonjour l'équipe IT, Pouvons-nous configurer l'accès à Adobe Fresco pour Jamie ? Merci et bonne journée !",Medium,Software,2024-10-28T18:42:36.299Z,jamie.lee@acme.co
krq1du6ad,Configuration d'une nouvelle imprimante de bureau sur un ordinateur portable d'entreprise,"Bonjour l'équipe IT, je suis en train de configurer une nouvelle imprimante de bureau sur mon ordinateur portable fourni par l'entreprise et j'aurais besoin de conseils. Pourriez-vous me fournir des instructions étape par étape ou me diriger vers une ressource décrivant le processus ? J'aimerais avoir cette configuration terminée d'ici la fin de la semaine, car je dois imprimer plusieurs documents pour une réunion à venir. S'il existe des pilotes ou des logiciels spécifiques à installer, veuillez me le faire savoir. Merci pour votre assistance !",Medium,Hardware,2024-10-28T18:42:37.335Z,jane.doe@acme.co
gxe82wfu9,Demande d'accès aux outils O365 PowerPoint & OneNote,Pourriez-vous s'il vous plaît accorder l'accès à O365 PowerPoint & OneNote pour notre membre d'équipe ? J'ai mis en copie leur superviseur pour approbation. Ils interviennent sur un projet et ont besoin de ces outils pour préparer et organiser efficacement le contenu.,Medium,Software,2024-10-28T18:42:36.598Z,jane.doe@acme.co
6jxke6fqf,Assistance requise pour la configuration de l'authentification multi-facteurs,"Propriétaire : John Doe
Problème : L'utilisateur est incapable de terminer la configuration en raison d'une incompatibilité avec le logiciel de sécurité existant sur le poste de travail",High,Security,2024-10-28T18:42:36.433Z,johndoe@acme.co
fcyeaqoki,Problème avec le serveur de licences logicielles d'entreprise,"Bonjour ! Je rencontre des problèmes persistants avec notre serveur de licences logicielles d'entreprise. Les allocations de licences échouent par intermittence à se mettre à jour, ce qui nécessite une investigation détaillée et un ajustement manuel des configurations du serveur de licences. Pourriez-vous également inspecter la connectivité réseau et les journaux du serveur ? Merci ! -- Cordialement ! Alex Johnson | IT Specialist | He/Him/His Acme Co (https://acme.co/) • IT Support (https://support.acme.co/) • Contact me (https://acme.co/contact-alex)",High,Licensing,2024-10-28T18:42:48.133Z,alex.johnson@acme.co
wu09nay92,Re: Problèmes persistants avec le système VoIP d'entreprise : dégradation de la qualité des appels,"Ceci est un suivi de votre demande précédente #11947 ""Re: Persistent Issues with Enterprise VoIP System: C..."" une réponse à ce sujet s'il vous plaît ??",High,Network,2024-10-28T18:42:47.010Z,user@acme.co
kua0k2x0l,Problèmes avec l'outil de visualisation de données,"Bonjour l'équipe IT ! Je rencontre des problèmes persistants avec notre outil de visualisation de données basé sur le cloud d'entreprise. Les tableaux de bord échouent par intermittence à charger les données correctement, et cela m'oblige à ajuster manuellement les configurations des sources de données. Je pense qu'il pourrait y avoir un problème avec les paramètres d'intégration API également. Pourriez-vous examiner cela pour moi ? Faites-moi savoir si vous avez besoin de plus de détails de ma part. Merci ! -Alex",High,Software,2024-10-28T18:42:47.799Z,alex.jones@acme.co
prhsfplqs,Configuration du bureau à distance sur une nouvelle tablette,Bonjour l'équipe IT ! Pourriez-vous me fournir des instructions pour configurer l'accès au bureau à distance sur ma nouvelle tablette fournie par l'entreprise ? Je dois m'assurer de pouvoir accéder à toutes les ressources nécessaires à distance. **Email** : user@acme.co,Medium,RemoteWork,2024-10-28T18:42:46.292Z,user@acme.co
guww6tl8j,Besoin d'aide pour la soumission d'une demande de congé,"Bonjour ! J'essaie de comprendre comment soumettre une demande de congé via l'intranet de l'entreprise, mais je ne sais pas par où commencer. Y a-t-il une section spécifique que je devrais consulter, ou des instructions disponibles ? Je veux m'assurer de le faire correctement pour éviter tout problème. Merci !",Medium,Training,2024-10-28T18:42:47.187Z,jane.doe@acme.co
0cej9t2yx,Fwd: Demande d'accès à la fonctionnalité de messagerie directe Slack,"Bonjour l'équipe IT, je vous contacte pour savoir si je peux obtenir l'accès à la fonctionnalité de messagerie directe Slack. J'ai remarqué que je n'ai actuellement pas la possibilité d'envoyer des messages directs à mes collègues, et je voulais vérifier avec vous si cela peut être activé pour mon compte. Merci d'avance ! Alex Johnson | Product Manager Acme Co. (https://acme.co/) • Connect with me (https://acme.co/alex_johnson) 555.123.4567",Medium,Software,2024-10-28T18:42:48.516Z,alex.johnson@acme.co
30zvti86d,Demande d'accès : Outils de collaboration GDocs et GSlides,"Notification de Google

Google Workspace Image

Cette alerte de demande d'accès vous informe qu'un utilisateur a demandé l'accès aux outils de collaboration GDocs et GSlides sur votre domaine.

Les détails de la demande sont les suivants :

Utilisateur : jane.doe@acme.co

Demandé par : User Account (jane.doe@acme.co)

Date : Mon, Oct 30 2023 10:15 UTC

Alert Center n'est pas activé pour cette demande. Alert Center peut fournir des détails supplémentaires, des options d'investigation et des recommandations d'approbation. Pour l'activer, activez les alertes dans la page de détails de la demande.

Accéder aux détails de la demande

Vous avez reçu cette mise à jour importante concernant votre compte Google Workspace car vous êtes le destinataire administrateur désigné pour ce type de demande. Vous pouvez désactiver ces alertes ou modifier les destinataires des e-mails dans la section Règles de la Admin Console.

Google LLC 1600 Amphitheatre Parkway Mountain View, CA 94043

-- 
Vous avez reçu ce message parce que vous êtes abonné au groupe Google Groups ""Collaboration Tools"". Pour vous désabonner de ce groupe et ne plus recevoir d'e-mails de sa part, envoyez un e-mail à collaboration+unsubscribe@acme.co.",Medium,Account,2024-10-28T18:42:49.115Z,jane.doe@acme.co
nbshemzya,Configuration de l'accès au bureau à distance,J'ai besoin d'aide pour configurer l'accès au bureau à distance sur mon ordinateur portable personnel. Je ne sais pas comment le configurer correctement et j'apprécierais quelques conseils.,Medium,RemoteWork,2024-10-28T18:42:47.187Z,jane.doe@acme.co
upov2bl5v,Problèmes d'authentification persistants avec la solution d'accès à distance,"Un utilisateur rencontre des problèmes persistants avec la solution d'accès à distance d'entreprise, où certains utilisateurs échouent par intermittence à s'authentifier, nécessitant une investigation détaillée et un ajustement manuel des politiques d'accès utilisateur ainsi qu'une inspection potentielle des journaux du serveur d'authentification.",High,RemoteWork,2024-10-28T18:42:47.961Z,jane.doe@acme.co
01tp2x3sj,Assistance requise pour la configuration de l'authentification multi-facteurs,"Bonjour, je suis incapable de recevoir des codes de vérification pour l'authentification multi-facteurs en raison de problèmes suspectés de livraison SMS spécifiques à l'opérateur, malgré le suivi des étapes de configuration correctes. Pourriez-vous m'aider s'il vous plaît ? Merci, Alex Johnson",High,Security,2024-10-28T18:42:46.896Z,alex.johnson@acme.co
n3v51cp0b,Problème de déploiement de mise à jour de logiciel d'entreprise,"Bonjour, je rencontre des problèmes persistants avec notre système de gestion des mises à jour de logiciels d'entreprise. Certaines mises à jour échouent de manière intermittente à se déployer sur plusieurs appareils. Pourriez-vous examiner cela et me conseiller sur la marche à suivre ?",High,Software,2024-10-28T18:43:01.231Z,user@acme.co
aqcxie2ju,Alerte : Problème de connexion VPN - Déconnexions fréquentes (user@acme.co),"Notification du service Acme VPN


Image Acme VPN


Cette alerte de problème de connexion VPN a pour but de vous informer que l'utilisateur rencontre des déconnexions fréquentes et un accès inconsistant aux ressources internes malgré une configuration et des identifiants corrects.

Les détails de l'alerte incluent :


Utilisateur : user@acme.co (user@acme.co)

Par : VPN Service Account (vpn-service@acme.co)

Date : Mon, Oct 30 2023 09:15 UTC

Alert Center n'est pas activé pour cette règle. Alert Center peut fournir des détails supplémentaires, des options d'investigation et des recommandations de remédiation. Pour l'activer, activez les alertes dans la page de détails de la règle.


Aller aux détails de la règle


Vous avez reçu cette mise à jour importante concernant votre compte Acme VPN car vous êtes le destinataire administrateur désigné pour ce type d'alerte. Vous pouvez désactiver ces alertes ou modifier les destinataires des e-mails dans la section Règles de la Admin Console.

Acme LLC 1234 Elm Street Anytown, USA


-- 
Vous avez reçu ce message car vous êtes abonné au groupe Acme Groups ""Network Support"". Pour vous désabonner de ce groupe et ne plus recevoir d'e-mails de celui-ci, envoyez un e-mail à network+unsubscribe@acme.co.",High,Network,2024-10-28T18:43:03.587Z,user@acme.co
kgo8g18hv,Échecs intermittents sur la plateforme Cloud ML,"Bonjour à tous,

J'espère que vous allez bien ! Je vous contacte pour documenter et résoudre des problèmes persistants que je rencontre avec notre plateforme de machine learning en cloud d'entreprise. Plus précisément, mes tâches d'entraînement de modèles échouent de manière intermittente à se terminer, ce qui nécessite une investigation détaillée et un ajustement manuel des paramètres d'allocation des ressources. Pourriez-vous confirmer les informations suivantes :

1. Existe-t-il des problèmes connus avec les paramètres actuels d'allocation des ressources sur la plateforme ? Si oui, pourriez-vous fournir des conseils sur la façon de les ajuster efficacement ?
2. Existe-t-il un workflow recommandé pour inspecter les étapes de prétraitement des données qui pourraient causer ces échecs ?
3. Existe-t-il des journaux ou des outils de diagnostic disponibles qui pourraient aider à identifier la cause profonde de ces échecs intermittents ?

Veuillez me faire savoir si vous avez besoin d'informations supplémentaires de ma part. J'attends avec impatience vos conseils pour résoudre ce problème.

Cordialement,

Alex de Acme Co.",High,Software,2024-10-28T18:43:01.668Z,alex@acme.co
377itxst1,Alerte : Échec intermittent du partage d'écran - Système de présentation sans fil d'entreprise,"Notification du support informatique Acme

Alerte du système de présentation sans fil Acme

Cette alerte d'échec intermittent du partage d'écran a pour but de vous informer qu'un problème persistant a été détecté avec le système de présentation sans fil d'entreprise.

Les détails de l'alerte incluent :

Problème : Échec intermittent du partage d'écran

Par : User Report (it-support@acme.co)

Date : Mon, Oct 30 2023 09:00 UTC

Une investigation détaillée et un ajustement manuel des paramètres réseau sont nécessaires. Une inspection de la compatibilité des appareils et des mises à jour du firmware peut également être nécessaire. Alert Center n'est pas activé pour cette règle. Alert Center peut fournir des détails supplémentaires, des options d'investigation et des recommandations de remédiation. Pour l'activer, activez les alertes dans la page de détails de la règle.

Aller aux détails de la règle

Vous avez reçu cette mise à jour importante concernant votre système de présentation sans fil Acme car vous êtes le destinataire administrateur désigné pour ce type d'alerte. Vous pouvez désactiver ces alertes ou modifier les destinataires des e-mails dans la section Règles de la Admin Console.

Acme Co 1234 Elm Street Springfield, IL 62701

-- 
Vous avez reçu ce message car vous êtes abonné au groupe Acme Groups ""IT Support"". Pour vous désabonner de ce groupe et ne plus recevoir d'e-mails de celui-ci, envoyez un e-mail à itsupport+unsubscribe@acme.co.",High,Network,2024-10-28T18:43:02.595Z,user@acme.co
kacx57ogj,CDN d'entreprise : Problèmes intermittents de chargement des ressources,"Problème : Problèmes persistants avec le CDN d'entreprise où certaines ressources échouent de manière intermittente à se charger.\n\nAction requise : Investigation détaillée et ajustement manuel des paramètres de configuration du CDN. Inspection potentielle de la connectivité du serveur d'origine.\n\nApprobation requise ?\nOui\n\nApprobateurs :\nmanager.jones@acme.co MANAGER\ntech.lead@acme.co\n\nApprouvé par :\nmanager.jones@acme.co\n\nApprouvé le :\n2024-09-15T11:45:00-07:00\n\nApprouvé par :\ntech.lead@acme.co\n\nApprouvé le :\n2024-09-16T14:30:00-07:00\n\nNote d'approbation :\nProcéder aux ajustements de la configuration du CDN.\n\nDemandeur :\nAlex Johnson\nSpécialiste des opérations réseau\nManager : manager.jones@acme.co\n\nDate de la demande :\nSep 16, 2024\n\nNote de la demande :\nNécessité d'assurer une livraison fluide des ressources aux utilisateurs finaux.",High,Network,2024-10-28T18:43:07.576Z,alex.johnson@acme.co
rnyp3ml7g,Problèmes persistants avec le système de numérisation de documents,"L'utilisateur rencontre des problèmes persistants avec le système de numérisation de documents d'entreprise où les documents numérisés échouent de manière intermittente à être téléchargés vers le système de gestion documentaire, nécessitant une investigation détaillée et un ajustement manuel des paramètres du logiciel de numérisation ainsi qu'une inspection potentielle de la connectivité réseau et de la compatibilité des formats de fichiers.",High,Software,2024-10-28T18:43:00.197Z,john.doe@acme.co
rla4y7cfs,Demande d'accès à la bibliothèque Adobe Stock,"Bonjour,

Je travaille sur un nouveau projet et j'ai besoin d'accéder à la bibliothèque Adobe Stock pour trouver des images et des ressources appropriées. Cependant, il semble que mes autorisations actuelles ne me permettent pas d'accéder à la bibliothèque.

Pourriez-vous m'aider à obtenir les accès nécessaires ?

Merci,
Alex Johnson",Medium,Software,2024-10-28T18:43:00.379Z,alex.johnson@acme.co
7o5nx5oli,Instructions de configuration de signature d'e-mail,"Bonjour IT, pourriez-vous fournir les instructions pour configurer les signatures d'e-mail pour les nouvelles recrues en utilisant notre système de messagerie d'entreprise ? Cela permettra de simplifier le processus d'intégration pour nos nouveaux membres de l'équipe. Je mets en copie ma manager Sarah. Merci, Alex",Medium,Communication,2024-10-28T18:43:00.118Z,alex@acme.co
2cc6a4bm8,Problèmes persistants avec la plateforme de formation VR,"Bonjour à l'équipe IT,

Je rencontre des problèmes persistants avec notre plateforme de formation en réalité virtuelle d'entreprise. Les sessions VR échouent de manière intermittente à se charger correctement, ce qui nécessite une investigation détaillée et un ajustement manuel des paramètres du logiciel VR. De plus, il pourrait être nécessaire d'inspecter la compatibilité matérielle et la bande passante réseau.

Quelqu'un pourrait-il m'aider avec cela ?

--

Jordan  |  Coordinateur de formation

Acme Co (https://acme.co/)   •  New York, NY •  they/them",High,Software,2024-10-28T18:43:00.875Z,jordan@acme.co
u68cqrlsm,Échecs des processus ETL dans l'entrepôt de données,"Bonjour à l'équipe IT, je rencontre des problèmes persistants avec notre entrepôt de données d'entreprise où les processus ETL planifiés échouent de manière intermittente à se terminer. Cela nécessite une investigation détaillée et un ajustement manuel des configurations du workflow ETL. De plus, il pourrait être nécessaire d'inspecter la connectivité des sources de données et la logique de transformation. Pourriez-vous examiner cela dès que possible ? Merci !",High,Software,2024-10-28T18:43:00.497Z,jane.doe@acme.co
qyzdpmj96,Instructions pour la sauvegarde des données de smartphone,Bonjour à tous ! Je dois sauvegarder les données de mon smartphone fourni par l'entreprise en utilisant le logiciel approuvé. Pourriez-vous me fournir les instructions pour ce faire ? N'hésitez pas à me faire savoir si vous avez besoin d'informations supplémentaires de ma part. Merci !,Medium,Software,2024-10-28T18:43:18.746Z,john.doe@acme.co
kv2u4y5ny,Échec intermittent d'accès au DRM,"Bonjour à tous, je rencontre des problèmes persistants avec notre système DRM d'entreprise où l'accès au contenu protégé échoue de manière intermittente. Cela nécessite une investigation détaillée et un ajustement manuel des paramètres DRM. Pourriez-vous également inspecter les protocoles d'authentification des utilisateurs et de licences de contenu ? Je vous contacte depuis mon e-mail personnel pour m'assurer que ce message parvient à destination. Merci ! Alex Doe",High,Software,2024-10-28T18:43:18.967Z,alex.doe@acme.co
vk06u5mtf,Demande d'accès au tableau de bord SFDC CRM,Je souhaite demander l'accès au tableau de bord SFDC CRM. Responsable = John Doe.,Medium,Software,2024-10-28T18:43:18.283Z,jane.doe@acme.co
oyp0ofwtq,Problèmes persistants d'authentification NAC,"L'utilisateur rencontre des problèmes persistants avec le système de contrôle d'accès réseau (NAC) de l'entreprise, où certains appareils échouent de manière intermittente à s'authentifier, nécessitant une investigation détaillée et un ajustement manuel des politiques NAC ainsi qu'une inspection potentielle des configurations réseau spécifiques aux appareils. Détails de la demande : E-mail du demandeur : jane.doe@acme.co Nom du demandeur : Jane Doe Département du demandeur : IT Support Appareils concernés : Laptops, Mobile Devices Problème observé depuis le : 2024-07-15T09:00:00-07:00 Note : Veuillez prioriser car cela impacte plusieurs utilisateurs.",High,Network,2024-10-28T18:43:20.465Z,jane.doe@acme.co
70e0ao2mg,Problème de rendu du logiciel de montage vidéo,"Bonjour à l'équipe IT, je rencontre des problèmes persistants avec notre logiciel de montage vidéo cloud d'entreprise. Les processus de rendu échouent de manière intermittente à se terminer, et cela devient assez contraignant. J'ai essayé d'ajuster manuellement les paramètres de rendu, mais le problème persiste. Pourriez-vous approfondir l'investigation ? Cela pourrait nécessiter une inspection détaillée des ressources de traitement côté serveur. Merci !",High,Software,2024-10-28T18:43:19.286Z,user@acme.co
zvfxo3syj,Demande d'accès à l'espace de travail Asana pour la collaboration,Bonjour IT ! Pourriez-vous accorder l'accès à l'espace de travail Asana pour nos nouveaux membres d'équipe ? Ils doivent collaborer sur des projets en cours et ne disposent pas actuellement des permissions nécessaires. Faites-moi savoir si vous avez besoin de quoi que ce soit de notre côté - j'ai mis Alex en copie pour faciliter les approbations éventuelles.,Medium,Software,2024-10-28T18:43:19.335Z,katie.christian@acme.co
h3ym6460z,Re: Demande d'instructions : Créer un nouveau Google Calendar pour le calendrier de projet,"Ceci est un suivi de votre demande précédente #5278 ""Re: Request for Instructions: Creating a New Google Calendar for Project Timeline""",Medium,Training,2024-10-28T18:43:18.913Z,jane.doe@acme.co
ivghf6lyj,Problèmes persistants de mise en forme dans le système de traduction de documents,"L'utilisateur rencontre des problèmes persistants avec le système de traduction de documents de l'entreprise, où les documents traduits échouent de manière intermittente à conserver la mise en forme d'origine, nécessitant une investigation détaillée et un ajustement manuel des paramètres de traduction ainsi qu'une inspection potentielle des configurations de modèles de documents.",High,Software,2024-10-28T18:43:18.583Z,john.doe@acme.co
s2wx7iv3m,Problèmes intermittents de vitesse d'accès aux fichiers sur le stockage réseau,"Bonjour à tous, je rencontre des problèmes persistants avec notre système de stockage réseau d'entreprise. Les vitesses d'accès aux fichiers se dégradent de manière intermittente et semblent nécessiter une investigation détaillée. Pourriez-vous examiner les paramètres de configuration du stockage et éventuellement inspecter l'infrastructure réseau et les composants matériels ? Merci, Alex",High,Network,2024-10-28T18:43:18.663Z,alex@acme.co
eso0z3lxy,Dysfonctionnement du token matériel - Assistance MFA requise,"Bonjour,

J'ai des difficultés avec mon authentification multi-facteurs. Mon token matériel semble dysfonctionner et je suis dans l'impossibilité de m'authentifier. Pourrais-je obtenir un token de remplacement ? C'est assez urgent car j'ai besoin d'accéder à mes comptes.

Merci

Alex",Urgent,Hardware,2024-10-28T18:43:19.288Z,alex@acme.co
boxs2uy49,Enquête sur l'alerte de sécurité du poste de travail,"Assistance requise pour enquêter et résoudre une alerte de sécurité sur mon poste de travail. Malgré le suivi des directives 'Securing Your Workstation', je suis dans l'impossibilité d'appliquer les correctifs de sécurité recommandés. Veuillez me conseiller sur les prochaines étapes pour garantir la sécurité de mon poste de travail.",High,Security,2024-10-28T18:43:30.751Z,jane.doe@acme.co
58oa15sni,Demande d'accès au système SF CRM,"Bonjour IT, Pourriez-vous m'accorder l'accès au système SF CRM ? J'en ai besoin pour mon prochain projet. Merci !",Medium,Account,2024-10-28T18:43:30.595Z,alex.barnes@acme.co
c66k43h8i,Accès au lecteur réseau partagé depuis une tablette,"Bonjour,

J'essaie d'accéder au lecteur réseau partagé depuis ma tablette fournie par l'entreprise, et j'ai suivi les instructions fournies, mais je ne suis pas sûr de l'avoir fait correctement.

J'obtiens le message suivant :
Accès refusé : Vous ne disposez pas des autorisations nécessaires.

Est-ce que je rate quelque chose ?

Merci,
Alex Johnson",Medium,Network,2024-10-28T18:43:31.078Z,alex.johnson@acme.co
k387bwfdi,Demande d'accès administrateur à Zoom,J'ai besoin d'un accès administrateur à notre compte Zoom pour gérer les paramètres des utilisateurs et les webinaires. Veuillez accorder les autorisations nécessaires.,Medium,Software,2024-10-28T18:43:30.322Z,j.smith@acme.co
he67xaaog,Assistance requise pour la configuration de l'authentification multi-facteurs,"Bonjour IT, je rencontre des difficultés pour finaliser la configuration de l'authentification multi-facteurs en raison de politiques de sécurité conflictuelles entre nos systèmes informatiques d'entreprise et départementaux. Pourriez-vous m'aider à résoudre ce problème ? L'objectif est d'assurer une intégration transparente sans compromettre les protocoles de sécurité. N'hésitez pas à me faire savoir si vous avez besoin d'informations supplémentaires ou si vous avez des questions. Merci.",High,Security,2024-10-28T18:43:31.003Z,keith.goodman@acme.co
4juk43yxg,Comment accéder au lecteur réseau partagé depuis mon ordinateur portable personnel ?,Comment accéder au lecteur réseau partagé depuis mon ordinateur portable personnel ?,Medium,Network,2024-10-28T18:43:30.851Z,jane.doe@acme.co
hnpv99ci1,Problème de vérification d'identité dans le cloud,Il semble que le système de vérification d'identité basé sur le cloud d'entreprise rencontre à nouveau des dysfonctionnements. Certaines vérifications d'utilisateurs échouent de manière intermittente. Cela nécessite une investigation détaillée et éventuellement un ajustement manuel des paramètres du processus de vérification. Il pourrait également être nécessaire d'inspecter l'intégration avec les bases de données d'identité externes.,High,Software,2024-10-28T18:43:30.809Z,sean.kovacs@acme.co
xe20e6koh,Demande : Instructions de réinitialisation de mot de passe requises - cloud.user@acme.co,"Notification de Acme Cloud Services

Acme Cloud Storage Image

Cette demande de réinitialisation de mot de passe a pour but de vous informer qu'un utilisateur a demandé des instructions pour réinitialiser un mot de passe oublié pour le service de stockage cloud de l'entreprise.

Les détails de la demande sont les suivants :

Utilisateur : cloud.user@acme.co

Par : Self-Service Portal (user-portal@acme.co)

Date : Wed, Oct 25 2023 15:45 UTC

Le Support Center n'est pas activé pour cette demande. Le Support Center peut fournir des détails supplémentaires, des instructions étape par étape et des conseils de dépannage. Pour l'activer, activez le support dans la page des paramètres utilisateur.

Accéder aux paramètres utilisateur

Vous avez reçu cette mise à jour importante concernant votre compte Acme Cloud car vous êtes le destinataire administrateur désigné pour ce type de demande. Vous pouvez désactiver ces notifications ou modifier les destinataires des e-mails dans la section Notifications de la Admin Console.

Acme Corporation 123 Innovation Drive Tech City, TX 75001

-- 
Vous avez reçu ce message car vous êtes abonné au groupe Acme Groups ""Cloud Support"". Pour vous désabonner de ce groupe et ne plus recevoir d'e-mails de celui-ci, envoyez un e-mail à cloudsupport+unsubscribe@acme.co.",Medium,Account,2024-10-28T18:43:34.135Z,cloud.user@acme.co
mbkafsdfm,Accès aux fonctionnalités du compte DBox Pro,Bonjour ! J'ai remarqué que je n'ai plus accès aux fonctionnalités Pro dans DBox. Pourriez-vous m'aider à retrouver cet accès ? Merci !,Medium,Account,2024-10-28T18:43:30.521Z,jane.doe@acme.co
5s05g5sc0,Dépannage d'une connexion Internet lente,"Bonjour l'équipe IT,\n\nJe rencontre une connexion Internet lente sur mon ordinateur de bureau fourni par l'entreprise. Pourriez-vous me fournir des instructions pour résoudre ce problème ? Voici quelques détails :\n * Appareil : Ordinateur de bureau\n * Emplacement : Bureau\n * Problème : Connexion Internet lente\n * Réseau : AcmeNet\n\nPour référence, veuillez consulter le guide de configuration réseau ici [https://acme.co/network-guide].\nProchaines étapes\n * Vérifier les paramètres réseau\n * Exécuter des outils de diagnostic\n * Vérifier la vitesse de connexion\n\nMerci,\nJohn Doe\n[https://acme.co/johndoe/contact]",Medium,Network,2024-10-28T18:43:32.293Z,johndoe@acme.co
f3czsohfi,Problème de surveillance des performances de l'application d'entreprise,"Bonjour IT,

Je rencontre des problèmes persistants avec notre système de surveillance des performances des applications d'entreprise. Certaines métriques d'application échouent par intermittence à être rapportées, ce qui nécessite une investigation détaillée et un ajustement manuel des configurations de surveillance. Je pourrais également avoir besoin d'inspecter les logs du serveur d'application.

Pourriez-vous me conseiller sur les prochaines étapes ? Merci.

Cordialement,
Alex",High,Performance,2024-10-28T18:43:50.430Z,alex.jordan@acme.co
ocoxl0v4s,Demande d'accès JIRA,Bonjour - J'ai besoin d'accéder au système de suivi des problèmes JIRA à des fins de gestion de projet. Pourriez-vous m'aider à obtenir les permissions nécessaires ? Merci !,Medium,Software,2024-10-28T18:43:49.359Z,john.doe@acme.co
vom757hh6,Problèmes d'application des politiques DLP,"Bonjour équipe IT,

Nous rencontrons des problèmes persistants avec notre système DLP d'entreprise où certaines politiques de transfert de données échouent par intermittence à s'appliquer. Cela nécessite une investigation détaillée et un ajustement manuel des configurations de politiques. De plus, nous pourrions avoir besoin d'inspecter les logs de trafic réseau pour identifier les problèmes sous-jacents.

Pour référence, veuillez consulter la liste des politiques affectées ici [https://acme.co/dlp-policies].

Prochaines étapes
 * Investiguer la cause principale des échecs d'application des politiques
 * Ajuster les configurations de politiques si nécessaire
 * Examiner les logs de trafic réseau pour détecter des anomalies

Merci,
Security Team
[https://acme.co/security-team]",High,Security,2024-10-28T18:43:54.155Z,security.team@acme.co
uattxa9pc,Échecs intermittents de notifications dans la plateforme de support cloud,"Bonjour équipe IT ! Je rencontre des problèmes persistants avec notre plateforme de support client cloud d'entreprise. Les notifications de tickets échouent par intermittence à être envoyées aux agents assignés, ce qui entraîne des délais dans les temps de réponse. J'ai essayé d'ajuster manuellement les paramètres de notification, mais le problème persiste. Il semble qu'il pourrait y avoir un problème avec l'intégration du serveur email. Pourriez-vous enquêter sur ce problème ? Faites-moi savoir si vous avez besoin d'informations supplémentaires de ma part. Merci beaucoup pour votre aide ! Cordialement, Alex",High,Software,2024-10-28T18:43:51.039Z,alex.jordan@acme.co
b3c81hok7,Assistance requise pour diagnostiquer et résoudre une connexion internet lente persistante,"Nom : Alex Johnson Email : alex.johnson@acme.co Poste : Analyst Manager : Jamie Smith Équipe : Acme Co, IT Support Pouvez-vous m'aider à diagnostiquer et résoudre une connexion internet lente persistante sur mon poste de travail ? Le réseau est stable et les paramètres sont corrects, mais le problème persiste. Cordialement, Alex",Medium,Network,2024-10-28T18:43:48.218Z,alex.johnson@acme.co
72lsm8e94,Problèmes avec la plateforme E-Learning,"Je rencontre des problèmes persistants avec notre plateforme e-learning cloud d'entreprise. Le contenu des cours échoue par intermittence à se charger, ce qui nécessite une investigation détaillée. Je pense qu'il pourrait être nécessaire d'ajuster manuellement les paramètres de diffusion du contenu. De plus, une inspection de la connectivité réseau et des configurations des comptes utilisateurs pourrait être nécessaire. Merci de m'aider.",High,Software,2024-10-28T18:43:50.108Z,user@acme.co
0tch4xygm,Problèmes d'export avec l'outil financier cloud,"Bonjour IT,

J'ai des problèmes avec notre outil de reporting financier cloud. Les exports de données échouent par intermittence, et cela devient contraignant. Pourriez-vous examiner les configurations d'export et vérifier la connectivité des sources de données ainsi que les workflows de génération de rapports ?

--

Jordan Lee | Financial Analyst

Acme Co. • New York, NY",High,Software,2024-10-28T18:43:58.366Z,jordan.lee@acme.co
s1wz1bnjr,Instructions de sauvegarde des données,Demande d'instructions pour sauvegarder les données d'un ordinateur portable fourni par l'entreprise à l'aide d'un logiciel approuvé par l'entreprise.,Medium,Software,2024-10-28T18:43:49.396Z,jane.doe@acme.co
lm2aqlb4z,Demande d'accès à l'outil de gestion de projet T-List,"Bonjour équipe IT, Pourriez-vous fournir un accès à l'outil de gestion de projet T-List pour nos nouveaux membres de l'équipe ? Ils auront besoin d'un accès complet pour gérer les tâches et collaborer sur les projets à venir. N'hésitez pas à me contacter si vous avez des questions. Merci ! -- Alex Johnson | Project Coordinator Acme Co.",Medium,Software,2024-10-28T18:43:50.257Z,alex.johnson@acme.co
oyzx28mhf,Dépannage de la connexion VPN : problème d'accès aux applications internes,L'utilisateur est incapable d'accéder à certaines applications internes malgré une connexion VPN réussie et des paramètres de configuration corrects.,High,Network,2024-10-28T18:43:49.765Z,john.doe@acme.co
d1uj9e90h,Problèmes intermittents de synchronisation des données du système RH,"Depuis le 10/15 à 10h00 EST, je rencontre des problèmes persistants avec notre système de gestion RH en cloud d'entreprise, où les dossiers des employés échouent par intermittence à se mettre à jour correctement. Cela nécessite une investigation détaillée et un ajustement manuel des paramètres de synchronisation des données. J'ai tenté de synchroniser manuellement les données, vérifié les paramètres d'intégration et consulté les ressources d'aide du système, mais le problème persiste. Il semble qu'il pourrait y avoir un problème avec l'intégration de nos systèmes de paie externes. Le moment actuel est l'un de ces rares instants où le système semble fonctionner, me permettant de soumettre ce ticket.",High,Software,2024-10-28T18:44:10.254Z,jane.doe@acme.co
3jjnwlecw,Demande d'accès au système de ticketing ZDesk,"Bonjour IT, je sollicite un accès au système de ticketing ZDesk pour notre nouveau membre de l'équipe, Jordan Smith. Jordan sera chargé de traiter les demandes du support client et doit être configuré avec les autorisations appropriées pour gérer les tickets efficacement. Pourriez-vous vous assurer que Jordan a accès à toutes les fonctionnalités nécessaires au sein du système ? De plus, s'il existe des supports de formation ou des sessions disponibles, veuillez nous en informer afin que nous puissions mettre Jordan à niveau rapidement. Merci pour votre aide. Cordialement, Alex",Medium,Account,2024-10-28T18:44:10.446Z,alex@acme.co
feycb1s0u,Problèmes de partage d'écran sur la plateforme de visioconférence,"Bonjour l'équipe, je rencontre des problèmes persistants avec notre plateforme de visioconférence en cloud d'entreprise. La fonctionnalité de partage d'écran échoue par intermittence à se lancer, ce qui est très perturbant lors des réunions. Je pense que cela pourrait nécessiter une investigation détaillée des autorisations utilisateur et éventuellement une inspection de la bande passante réseau et des paramètres de l'application. Pourriez-vous examiner cela ? Merci !",High,Software,2024-10-28T18:44:09.692Z,user@acme.co
cbkzalhqz,Demande d'accès pour la configuration de GH Actions,"Bonjour l'équipe IT, pourriez-vous m'accorder l'accès pour configurer GitHub Actions ? Je travaille actuellement sur un projet qui nécessite cette fonctionnalité. Merci pour votre aide ! Cordialement, Alex",Medium,Software,2024-10-28T18:44:08.773Z,alex@acme.co
2rfo390tg,Problème d'accès au stockage cloud,"Bonjour IT ! J'essaie de synchroniser des fichiers vers le stockage cloud spécifique au département conformément aux directives du ""New Hire 101 FAQ"", mais je suis dans l'impossibilité de le faire malgré la saisie des identifiants corrects. Toute aide est la bienvenue !",Medium,Software,2024-10-28T18:44:10.193Z,newhire@acme.co
2yadfe9hz,Problèmes de synchronisation persistants avec le service de fichiers cloud,"Le problème suivant a été observé avec le service de synchronisation de fichiers en cloud d'entreprise. Des dossiers spécifiques échouent par intermittence à se synchroniser entre les appareils, nécessitant une investigation détaillée et un ajustement manuel des paramètres de synchronisation. Une inspection éventuelle des autorisations de fichiers et de la connectivité réseau est nécessaire. Vérifications manuelles requises : 1. [Sync Settings](https://acme.co/sync-settings) 2. [File Permissions](https://acme.co/file-permissions) Vérifiez si la connectivité réseau est stable. Si les problèmes persistent, veuillez escalader vers [Network Team](https://acme.co/network-support) avec les informations ci-dessous pour une analyse approfondie. Utilisateur : John Doe Email : john.doe@acme.co Appareils : J.Doe-Laptop, J.Doe-Tablet",High,Software,2024-10-28T18:44:10.606Z,john.doe@acme.co
zmfdjqd5d,Analyser les échecs de requêtes du chatbot AI,"Bonjour IT ! Nous rencontrons des problèmes persistants avec notre chatbot AI en cloud d'entreprise. Des requêtes spécifiques d'utilisateurs échouent par intermittence à générer des réponses précises. Cela semble nécessiter une investigation détaillée et éventuellement un ajustement manuel des configurations du modèle NLP. De plus, il pourrait être utile d'inspecter la qualité des données d'entraînement. J'ai mis en copie le chef de produit, Alex, et le lead data scientist, Jamie, pour plus de contexte. Faites-nous savoir si vous avez besoin d'informations supplémentaires. -- Merci, Jordan Lee | Spécialiste de l'expérience client",High,Software,2024-10-28T18:44:11.001Z,jordan.lee@acme.co
oti35d9xx,Problèmes d'exécution des pipelines de données,"Bonjour l'équipe IT, je rencontre des problèmes persistants avec notre plateforme d'intégration de données en cloud d'entreprise. Des pipelines de données spécifiques échouent par intermittence à s'exécuter, ce qui nécessite une investigation détaillée et un ajustement manuel des configurations des pipelines. Pourriez-vous également inspecter la connectivité aux sources de données et la logique de transformation ? Merci !",High,Software,2024-10-28T18:44:09.778Z,alex.jordan@acme.co
2z3opm2tl,Assistance requise pour l'investigation et la résolution d'une alerte de sécurité sur le poste de travail,"Bonjour l'équipe, je rencontre un problème avec mon poste de travail où je suis dans l'impossibilité de désactiver un logiciel non autorisé malgré le suivi des directives ""Securing Your Workstation"". Cette alerte de sécurité perturbe mes tâches quotidiennes. Pourriez-vous m'aider à investiguer et résoudre ce problème ? Merci ! Cordialement, Alex Johnson | Spécialiste du support IT | they/them",High,Security,2024-10-28T18:44:10.134Z,alex.johnson@acme.co
nsiizivo1,Instructions de réinitialisation du mot de passe requises - Système de suivi du temps,"Responsable : Alex Johnson
Système : Acme Time Tracker
Problème : Mot de passe oublié",Medium,Account,2024-10-28T18:44:09.057Z,alex.johnson@acme.co
u8elyea8a,Échecs de validation intermittents dans la signature de documents cloud,"Nous rencontrons des problèmes persistants avec notre plateforme de signature de documents cloud d'entreprise. Les signatures numériques échouent de manière intermittente à la validation, nécessitant une investigation détaillée. Un ajustement manuel des paramètres de vérification des signatures et une inspection potentielle des configurations de l'autorité de certification peuvent être nécessaires.",High,Software,2024-10-28T18:44:20.215Z,user@acme.co
0d32v8szu,Système de feedback cloud d'entreprise - URGENT,"L'utilisateur rencontre des problèmes persistants avec le système de feedback client cloud d'entreprise où les réponses aux sondages échouent de manière intermittente à être enregistrées. Cela nécessite une investigation détaillée et un ajustement manuel des paramètres de soumission de données, ainsi qu'une inspection potentielle des workflows de traitement côté serveur.",Urgent,Software,2024-10-28T18:44:20.620Z,user@acme.co
38y1oqnr4,Problèmes persistants avec le système de sauvegarde cloud,"Bonjour équipe IT, je rencontre des problèmes persistants avec notre système de sauvegarde de données cloud d'entreprise. Les sauvegardes planifiées échouent de manière intermittente à se terminer, ce qui nécessite une investigation détaillée. J'ai dû ajuster manuellement les configurations de sauvegarde à plusieurs reprises. Pourriez-vous inspecter l'infrastructure de stockage et la connectivité réseau afin d'identifier les problèmes sous-jacents ? Votre aide pour résoudre ce problème serait grandement appréciée. Merci !",High,Infrastructure,2024-10-28T18:44:20.641Z,user@acme.co
43bdmikxp,Problèmes de routage de l'API Gateway,"Bonjour, je rencontre des problèmes persistants avec notre API gateway cloud d'entreprise. Des requêtes API spécifiques échouent de manière intermittente à être routées correctement, nécessitant une investigation détaillée et un ajustement manuel des configurations de routage. De plus, il peut être nécessaire d'inspecter la connectivité des services backend. Veuillez nous aider dès que possible. Merci !",High,Software,2024-10-28T18:44:20.264Z,user@acme.co
8y8rmt8sl,Dépannage de l'accès au bureau à distance,"Bonjour ! Je rencontre des problèmes avec mon accès au bureau à distance. :) Malgré des paramètres de configuration corrects, je fais face à des problèmes de résolution d'écran et de mise à l'échelle de l'affichage. Pourriez-vous m'aider avec les points suivants : 1. Vérifier les paramètres du bureau à distance pour s'assurer qu'ils correspondent à la résolution de la machine locale. 2. Vérifier s'il existe des mises à jour ou des correctifs susceptibles de résoudre les problèmes de mise à l'échelle. 3. Fournir des conseils sur les paramètres supplémentaires qui pourraient nécessiter un ajustement pour améliorer la qualité de l'affichage. Merci beaucoup !!",Medium,RemoteWork,2024-10-28T18:44:20.935Z,user@acme.co
f0fgoiq0q,Assistance requise pour la configuration de l'authentification multi-facteurs : problème de verrouillage de compte,"Bonjour, je vous contacte pour savoir si quelqu'un peut m'aider avec ce problème (https://acme.co/ithelp/requests/1234?page=1) concernant l'authentification multi-facteurs. L'utilisateur est incapable d'enregistrer un nouvel appareil en raison du verrouillage du compte suite à des tentatives échouées précédentes et a besoin d'une réinitialisation manuelle. Le responsable actuel semble être indisponible. Merci ! -- Alex Johnson IT Coordinator, Acme Co acme.co",High,Account,2024-10-28T18:44:21.649Z,alex.johnson@acme.co
cbft1el31,Accès au tableau d'équipe Asana,"Bonjour équipe IT, j'espère que ce message vous trouve en bonne forme. Je vous contacte pour demander l'accès au tableau d'équipe Asana pour notre projet en cours. Il semble que je n'aie pas les permissions nécessaires pour consulter ou modifier le tableau. Pourriez-vous m'aider à obtenir les accès appropriés ? Merci pour votre aide ! Cordialement, Alex",Medium,Software,2024-10-28T18:44:21.246Z,alex.jones@acme.co
5vk4ae528,Demande d'accès à la liste de tâches Asana,"Nous avons un nouveau membre dans l'équipe, Alex Johnson (alex.johnson@acme.co), qui nécessite un accès à la liste de tâches Asana pour le Marketing Project. Veuillez vous assurer qu'Alex dispose des permissions nécessaires pour consulter et modifier les tâches du projet.",Medium,Account,2024-10-28T18:44:20.642Z,it.support@acme.co
3y2o8qjms,Demande de configuration de la messagerie sur tablette personnelle,"J'ai besoin d'aide pour configurer ma messagerie professionnelle sur ma tablette personnelle. Pourriez-vous me fournir des instructions étape par étape ? Je souhaite m'assurer de suivre le protocole correct et les mesures de sécurité appropriées. S'il existe des paramètres ou des applications spécifiques requis, veuillez me le faire savoir. Merci !",Medium,RemoteWork,2024-10-28T18:44:20.324Z,alex.smith@acme.co
ocw8x1qz2,Problèmes de diffusion en direct sur la plateforme d'événements virtuels,"Bonjour équipe IT, nous rencontrons des problèmes persistants avec notre plateforme d'événements virtuels cloud d'entreprise. Les sessions de diffusion en direct échouent de manière intermittente à être diffusées, ce qui nécessite une investigation détaillée et un ajustement manuel des paramètres de streaming. Pourriez-vous inspecter la bande passante réseau et les configurations côté serveur ? Merci !",High,Network,2024-10-28T18:44:20.459Z,alex.jones@acme.co
oms08r312,Instructions pour la synchronisation des e-mails sur mobile,"Bonjour, Nous vous contactons pour vous fournir les instructions nécessaires à la configuration des paramètres de synchronisation des e-mails sur votre appareil mobile. Cela garantira que vos e-mails sont à jour et accessibles en déplacement. Veuillez suivre les étapes décrites dans le guide disponible à l'adresse acme.co/email-sync-guide. Si vous avez des questions ou si vous avez besoin d'une assistance supplémentaire, n'hésitez pas à nous contacter à it@acme.co. Merci ! Acme IT -- Cet e-mail vous a été envoyé parce qu'un administrateur Acme vous a désigné comme destinataire. Si vous pensez que cet envoi est une erreur, veuillez contacter votre administrateur Acme. Si vous ne savez pas qui c'est, veuillez contacter votre Helpdesk ou votre équipe IT.",Medium,Communication,2024-10-28T18:44:35.692Z,user@acme.co
x59v90xkv,Demande de configuration d'un compte imprimante,"Salut l'équipe IT, pourriez-vous m'envoyer les étapes pour configurer un nouveau compte utilisateur sur l'imprimante du bureau ? J'ai besoin de régler ça pour un nouveau membre de l'équipe. Merci beaucoup !",Medium,Account,2024-10-28T18:44:33.768Z,jane.doe@acme.co
ie21w9ib3,Tr : Assistance requise pour le dépannage des invitations d'événements Google Calendar,"Je ne suis pas sûr d'être en train de contacter la bonne personne, mais lorsque j'essaie d'envoyer des invitations d'événements Google Calendar à des destinataires externes, elles ne sont pas délivrées malgré une configuration et des autorisations correctes. Toute aide serait appréciée. Merci !",Medium,Software,2024-10-28T18:44:34.086Z,john.doe@acme.co
xdirs326f,Salut l'équipe IT ! Question rapide - problèmes intermittents de connexion aux sources de données,"Salut l'équipe IT ! Question rapide - je rencontre des problèmes persistants avec notre outil de visualisation de données cloud d'entreprise. Certaines sources de données échouent de manière intermittente à se connecter, et cela m'oblige à ajuster manuellement les paramètres de connexion de données à chaque fois. Cela pourrait-il être lié à nos configurations de sécurité réseau ? J'apprécierais une investigation détaillée. Merci.",Medium,Software,2024-10-28T18:44:34.397Z,user123@acme.co
0xx6q15n4,Demande d'accès au site O365 SharePoint,"Bonjour, quelqu'un peut-il m'aider à obtenir l'accès au site O365 SharePoint ? Mon manager a approuvé l'accès, mais je suis toujours dans l'impossibilité d'accéder au site via le portail. J'ai joint des captures d'écran ci-dessous : Merci d'avance ! Cordialement, Alex",Medium,Account,2024-10-28T18:44:34.347Z,alex@acme.co
okusa48b8,Demande d'accès aux services GDrive & GCal,"Salut l'équipe, j'ai récemment rejoint le département marketing et j'ai constaté que je n'ai pas accès aux services Google Drive et Google Calendar. Pourriez-vous m'accorder les autorisations nécessaires ? Faites-moi savoir si vous avez besoin d'informations supplémentaires de ma part. Cordialement, Alex Johnson | Marketing Specialist | he/him",Medium,Account,2024-10-28T18:44:34.553Z,alex.johnson@acme.co
hktzizmfe,Alerte : Problème de recherche de documents - Système cloud d'entreprise,"Notification de Acme Cloud Services

Image Acme Cloud Services

Cette alerte de problème de recherche de documents a pour but de vous informer que la fonctionnalité de recherche de documents échoue de manière intermittente à retourner des résultats précis dans votre système de gestion documentaire cloud d'entreprise.

Les détails de l'alerte sont les suivants :

Utilisateur : j.doe@acme.co

Par : System Admin (admin@acme.co)

Date : Wed, Nov 15 2023 10:45 UTC

Alert Center n'est pas activé pour cette règle. Alert Center peut fournir des détails supplémentaires, des options d'investigation et des recommandations de remédiation. Pour l'activer, activez les alertes dans la page de détail de la règle.

Accéder aux détails de la règle

Vous avez reçu cette mise à jour importante concernant votre compte Acme Cloud Services car vous êtes le destinataire administrateur désigné pour ce type d'alerte. Vous pouvez désactiver ces alertes ou modifier les destinataires des e-mails dans la section Règles de la Admin Console.

Acme Corporation 123 Innovation Drive Tech City, TC 12345

-- 
Vous avez reçu ce message parce que vous êtes abonné au groupe Acme Groups ""IT Support"". Pour vous désabonner de ce groupe et ne plus recevoir d'e-mails de celui-ci, envoyez un e-mail à itsupport+unsubscribe@acme.co.",High,Software,2024-10-28T18:44:37.756Z,j.doe@acme.co
7gqbs385o,Problèmes de synchronisation des contacts CRM avec la plateforme d'e-mail marketing,"Bonjour ! Je rencontre des problèmes persistants avec notre système CRM cloud d'entreprise, où la synchronisation des contacts échoue de manière intermittente entre le CRM et notre plateforme d'e-mail marketing. Cela nécessite une investigation détaillée et un ajustement manuel des paramètres de synchronisation. Je suspecte un problème avec les points d'intégration API, c'est pourquoi je vous contacte. Pourriez-vous examiner cela ? Merci !",High,Software,2024-10-28T18:44:34.016Z,alex.jordan@acme.co
1c648gj96,Demande d'accès de j.doe@acme.co pour l'intégration O365 Outlook & Teams,L'accès à l'intégration O365 Outlook et Teams pour John Doe doit être provisionné.,Medium,Account,2024-10-28T18:44:33.849Z,j.doe@acme.co
2prjwf9i1,Demande d'accès au portail utilisateur ZDesk,"Salut tout le monde, j'ai du mal à accéder au ZDesk User Portal. Il semble que mon compte ne dispose pas des autorisations nécessaires pour me connecter, et je reçois un message d'erreur indiquant 'Access Denied'. J'ai essayé de réinitialiser mon mot de passe et de vider le cache de mon navigateur, mais sans succès. Est-il possible que quelque chose ait changé récemment concernant les autorisations d'accès des utilisateurs ?",Medium,Account,2024-10-28T18:44:34.480Z,jane.doe@acme.co
cdo3bklqx,Problèmes de synchronisation de l'inventaire cloud,"Bonjour à tous, je rencontre des problèmes persistants avec notre système de gestion des stocks basé sur le cloud. Les mises à jour des niveaux de stock échouent par intermittence à se refléter en temps réel, ce qui cause quelques difficultés. Je pense que nous pourrions avoir besoin d'une investigation détaillée des paramètres de synchronisation et éventuellement vérifier l'intégration avec nos systèmes de point-of-sale. Faites-moi savoir si vous avez besoin de quoi que ce soit de ma part ou de l'équipe pour résoudre cela, merci ! -- Alex Jordan | Inventory Manager",High,Software,2024-10-28T18:44:47.920Z,alex.jordan@acme.co
2jpz01ayh,Configuration de l'accès Remote Desktop sur un nouveau smartphone,"Bonjour IT,

J'essaie de configurer l'accès Remote Desktop sur mon nouveau smartphone fourni par l'entreprise, mais je rencontre quelques problèmes. J'ai suivi le guide de configuration initiale, mais la connexion ne semble pas s'établir correctement. J'ai tenté d'utiliser l'application Remote Desktop, mais elle n'arrive pas à se connecter au serveur de l'entreprise.

J'ai vérifié mes paramètres réseau et me suis assuré que mes identifiants sont corrects. Les autres applications et services sur le téléphone fonctionnent bien, donc je ne suis pas sûr de ce qui cause le problème.

Pourriez-vous fournir des instructions détaillées ou résoudre ce problème ?

--
Alex Johnson
IT Specialist
Acme Co (http://acme.co)",Medium,RemoteWork,2024-10-28T18:44:48.477Z,alex.johnson@acme.co
6uemapswh,Résolution des problèmes d'accès au lecteur réseau partagé,"Bonjour à tous, j'ai du mal à accéder à des fichiers spécifiques sur notre lecteur réseau partagé. Malgré le mappage et les autorisations corrects, je ne peux pas afficher ni modifier certains fichiers. Mon collègue (Jane Doe) rencontre le même problème. Nous apprécierions vraiment toute aide que vous pourriez nous apporter ! Merci, -- Alex Smith | IT Specialist Acme Co. • New York, NY • he/him",High,Network,2024-10-28T18:44:47.797Z,alex.smith@acme.co
4du3lkuz0,Fwd: Problèmes d'attribution des salles de sous-groupes,"Veuillez examiner les problèmes persistants liés aux attributions de salles de sous-groupes dans notre plateforme de vidéoconférence d'entreprise. Les utilisateurs rencontrent des échecs intermittents lors de l'attribution des participants, nécessitant des ajustements manuels et une inspection potentielle des configurations des comptes utilisateurs.",High,Software,2024-10-28T18:44:47.352Z,j.greene@acme.co
mcla4syku,Problème d'indexation de l'archivage des e-mails,"Bonjour à tous, je rencontre des problèmes persistants avec notre système d'archivage des e-mails d'entreprise basé sur le cloud. Les e-mails archivés échouent par intermittence à être indexés correctement, nécessitant une investigation détaillée et un ajustement manuel des paramètres d'indexation. Pourriez-vous examiner cela et inspecter l'infrastructure de stockage ? Merci, Alex",High,Software,2024-10-28T18:44:47.475Z,alex@acme.co
7nlbs938l,Instructions de réinitialisation du mot de passe : HR Management Software,"Bonjour IT, Pourriez-vous fournir les instructions pour réinitialiser un mot de passe oublié pour notre HR management software ? L'un des membres de notre équipe ne peut pas accéder à son compte et a besoin de conseils sur la marche à suivre. Merci beaucoup ! -- Alex Johnson | HR Coordinator Acme Co. • New York, NY • he/him",Medium,Account,2024-10-28T18:44:47.684Z,alex.johnson@acme.co
nz2lq9ijq,Instructions pour la configuration de l'authentification multi-facteurs,"Bonjour,

Je vous contacte pour demander des instructions détaillées sur la configuration de l'authentification multi-facteurs (MFA) pour accéder à notre système interne de gestion des documents. Je comprends l'importance de sécuriser nos données et souhaite m'assurer de suivre la procédure correcte.

Pourriez-vous fournir un guide étape par étape ou me diriger vers les ressources pertinentes ? S'il existe des applications ou des appareils spécifiques requis, veuillez me le faire savoir.

Merci,
Alex Johnson
--
Cordialement, Alex Johnson",Medium,Security,2024-10-28T18:44:47.928Z,alex.johnson@acme.co
headdcgim,Instructions de configuration de l'affichage double moniteur,"Bonjour IT Team, je fais partie de la Product Development Team sous la direction de John Doe, en copie. Je vous contacte pour demander des instructions détaillées sur la configuration des paramètres d'affichage pour les double moniteurs sur mon poste de travail. J'ai fréquemment besoin de gérer plusieurs tâches entre différentes applications, et disposer d'une configuration optimale de double moniteurs est crucial pour ma productivité. Veuillez me faire savoir si vous avez besoin d'informations supplémentaires de ma part. Merci ! -- Alex Smith | Product Development Specialist Acme Co • New York, NY",Medium,Training,2024-10-28T18:44:48.019Z,alex.smith@acme.co
r8xk85wma,Réinitialisation du mot de passe pour le portail de formation en ligne,"Bonjour, j'ai besoin d'instructions pour réinitialiser mon mot de passe oublié pour le portail de formation en ligne de l'entreprise, s'il vous plaît.",Medium,Training,2024-10-28T18:44:46.805Z,user@acme.co
p6qkee8gz,Instructions pour la sauvegarde des données avec le logiciel de l'entreprise,Demande d'instructions détaillées pour la sauvegarde des données d'un ordinateur de bureau personnel à l'aide du logiciel approuvé par l'entreprise.,Medium,Software,2024-10-28T18:44:46.849Z,john.doe@acme.co
ee6rom7r7,Assistance requise pour l'investigation d'un email de phishing,"Bonjour à tous, Quelqu'un pourrait-il m'aider à enquêter sur un incident lié à un email de phishing ? Malgré nos mesures de sécurité, un email de phishing a été transféré à des contacts externes. Nous devons comprendre comment cela s'est produit et nous assurer que cela ne se reproduise plus. Si vous avez besoin de quoi que ce soit de ma part, n'hésitez pas à me le faire savoir. Je vous remercie de votre aide sur cette question. Cordialement, -- John Doe | IT Support, Specialist Acme Co (https://acme.co/) • New York, NY",High,Security,2024-10-28T18:45:00.461Z,johndoe@acme.co
eu047v7pl,Configuration VPN sur mobile,"IT,

Pourriez-vous me fournir des instructions pour configurer l'accès VPN sur mon appareil mobile personnel pour une connectivité à distance sécurisée ?

Merci,
Alex",Medium,RemoteWork,2024-10-28T18:44:59.334Z,alex@acme.co
cmw7p9hhx,Problèmes intermittents d'accès basé sur les rôles dans l'application cloud,Les utilisateurs rencontrent des problèmes persistants avec notre application cloud d'entreprise où des rôles utilisateur spécifiques n'appliquent pas correctement les permissions d'accès de manière intermittente. Cela nécessite une investigation détaillée et un ajustement manuel des paramètres de contrôle d'accès basé sur les rôles. Une inspection approfondie des configurations des comptes utilisateurs pourrait également être nécessaire.,High,Software,2024-10-28T18:44:59.419Z,user@acme.co
e7w0xhp4n,Demande d'accès aux services GMail & GSheets,"Bonjour aux équipes IT et Sécurité, L'équipe Operations souhaite soumettre un ticket aux équipes IT et Sécurité afin d'examiner une demande d'activation de l'accès aux services GMail et GSheets dans le cadre de notre nouvelle initiative de gestion de projet. Notre équipe estime que cela améliorera la collaboration et l'efficacité entre les départements. J'ai soumis cette demande dans le canal Slack #operations et créé un ticket pour les équipes IT et Sécurité dans Jira. De plus, j'ai joint une documentation sur les exigences d'accès et les directives d'utilisation : (1) Un PDF résumant les niveaux d'accès nécessaires et les détails de configuration dans GMail et GSheets (2) Un document expliquant les étapes à suivre pour activer les services et une FAQ sur les politiques d'utilisation. Par ailleurs, j'ai créé une vidéo Loom accessible via le lien ci-dessous qui présente la configuration initiale et l'utilisation de GMail et GSheets pour la gestion de projet. J'ai pensé que cette démonstration serait utile pour les équipes IT et Sécurité lors de leur examen. Une fois qu'une ressource d'examen sera assignée, veuillez me contacter pour obtenir l'accès à la vidéo Loom. Les points #2 et #4 du découpage de la vidéo Loom ci-dessous pourraient être utiles pour les équipes IT et Sécurité. La vidéo Loom est structurée comme suit : (1) 0 - 5:00 Présentation des fonctionnalités de GMail & GSheets (2) 5:00-15:00 Démonstration système à système (3) 15:00-20:00 Avantages/Inconvénients (4) 20:00 - 25:00 Considérations de déploiement Contexte sur l'accès : -L'accès est nécessaire pour une communication et une gestion des données fluides au sein des équipes de projet. -L'accès proposé permettra aux membres de l'équipe d'envoyer et de recevoir des emails via GMail et de collaborer sur des documents avec GSheets. -L'accès n'inclura pas de privilèges administratifs. -L'accès peut être accordé à plusieurs membres de l'équipe selon les besoins. -Il s'agit d'un accès unidirectionnel ; les modifications apportées dans GSheets ne seront pas automatiquement répercutées dans d'autres systèmes. -Une révision des niveaux d'accès peut être planifiée chaque trimestre. Contexte sur l'expérience utilisateur : -Les employés auront la possibilité de ""se désinscrire"" de cet accès dans l'outil de gestion de projet. En ne faisant rien, ils auront automatiquement accès à GMail et GSheets. S'ils se désinscrivent, aucun accès ne sera accordé. -L'accès apparaîtra comme ""Enabled"" dans l'outil de gestion de projet. -Les employés peuvent sélectionner leurs paramètres préférés dans GMail et GSheets pour s'assurer qu'ils correspondent à leurs préférences de travail. Pour les équipes IT/Sécurité : -La création d'un groupe d'utilisateurs dans la GSuite Admin Console est nécessaire. -Des identifiants OAuth 2.0 devront être créés pour ce projet et partagés avec l'équipe Operations. Dans la vidéo Loom, je présente la configuration de la GSuite Admin Console - ce qui devrait prendre environ 15 à 30 minutes. Merci pour votre soutien ! N'hésitez pas à me contacter pour toute question. Cordialement, -- Alex Anderson Project Coordinator Alex.Anderson@acme.co Acme Co | New York, NY",Medium,Account,2024-10-28T18:45:05.784Z,alex.anderson@acme.co
wz80kfgza,Échecs intermittents de traitements par lots sur la plateforme cloud,"Bonjour IT, Je rencontre des problèmes persistants avec notre plateforme cloud d'entreprise de traitement de données. Plus précisément, certains traitements par lots échouent de manière intermittente à s'exécuter. Cela nécessite une investigation détaillée et un ajustement manuel des paramètres de planification des traitements. Pourriez-vous également vérifier la connectivité aux sources de données et la logique de traitement ? J'ai entendu dire que d'autres personnes ont rencontré des problèmes similaires. Merci, Alex",High,Software,2024-10-28T18:44:59.610Z,alex.smith@acme.co
4x018oilv,Alerte de sécurité sur le poste de travail : problème de chiffrement complet du disque,"Assistance requise pour enquêter et résoudre une alerte de sécurité sur un poste de travail. L'utilisateur signale l'impossibilité d'activer le chiffrement complet du disque malgré le suivi des directives ""Securing Your Workstation"". Veuillez consulter le ticket suivant pour plus de détails : https://acme.co/support/tickets/12345",High,Security,2024-10-28T18:44:59.790Z,user@acme.co
yt8s9em6s,Emails de phishing contournant les filtres,"Bonjour équipe IT, Je rencontre un problème avec notre système de sécurité des emails dans le cloud. Des emails de phishing spécifiques contournent les filtres de manière intermittente. Pourriez-vous enquêter sur ce problème et ajuster les règles de filtrage ? Cela pourrait également nécessiter une inspection des en-têtes d'email et des paramètres d'analyse du contenu. Merci !",High,Security,2024-10-28T18:44:59.918Z,user@acme.co
f8bl1a7wn,Problème avec la plateforme cloud de collaboration sur des documents,"Bonjour équipe IT, Je rencontre des problèmes persistants avec notre plateforme cloud d'entreprise de collaboration sur des documents. L'historique des versions ne se met pas à jour de manière intermittente, ce qui cause de la confusion et un risque potentiel de perte de données. J'ai essayé d'ajuster manuellement les paramètres de contrôle des versions, mais le problème persiste. Pourriez-vous examiner ce problème en détail ? Cela pourrait nécessiter une inspection plus approfondie des processus de synchronisation des documents. Votre aide rapide serait grandement appréciée. Merci ! Cordialement, Alex Johnson",High,Software,2024-10-28T18:45:02.305Z,alex.johnson@acme.co
48drpjalv,Demande d'accès au dossier DBox Business,"Bonjour IT ! Pourriez-vous accorder l'accès au dossier DBox Business à notre nouveau membre de l'équipe, Jordan Smith ? Jordan nous a rejoints la semaine dernière et aura besoin d'un accès pour collaborer sur les projets en cours. Faites-moi savoir si vous avez besoin d'informations supplémentaires. -- Alex Johnson | Project Manager Acme Co. (https://acme.co/)",Medium,Account,2024-10-28T18:44:59.866Z,alex.johnson@acme.co
q9j8s2m63,Échecs d'importation automatique de données dans le système CRM,"Bonjour @IT Support, Je rencontre des problèmes persistants avec notre système CRM cloud d'entreprise. Les processus d'importation automatique de données échouent de manière intermittente à se terminer, et cela devient vraiment problématique. J'ai essayé d'ajuster les configurations d'importation, mais il semble qu'il pourrait y avoir un problème plus profond lié à la logique de mapping et de transformation des données. Avez-vous des conseils sur la marche à suivre ?",High,Software,2024-10-28T18:45:00.094Z,user123@acme.co
d9sz7vm8o,"Bonjour, pourriez-vous vous assurer que tous les membres de la Sales Team ont accès au SF CRM Portal ?","Bonjour, pourriez-vous vous assurer que tous les membres de la Sales Team (John Doe, Jane Smith, Bob Johnson, Alice Brown, et Charlie Davis) ont accès au SF CRM Portal ? Merci !",Medium,Account,2024-10-28T18:45:14.692Z,requester@acme.co
tebmb5n0n,Demande d'accès à l'outil de gestion de projet T-Card,"Bonjour ! Nous avons un membre de l'équipe, Alex Johnson, qui a besoin d'accéder à l'outil de gestion de projet T-Card pour un projet à venir. Alex collaborera avec l'équipe à distance et a besoin d'un accès d'ici lundi prochain. Pourriez-vous configurer les autorisations nécessaires et envoyer les informations de connexion à son adresse e-mail ? Si vous avez besoin d'informations supplémentaires, n'hésitez pas à nous contacter. Merci d'avance et bonne journée ! -- Jamie Lee | Coordinateur de projet, Opérations Envoyez-moi un SMS ! | 415-555-0199 Acme Co | San Francisco, CA",High,Software,2024-10-28T18:45:15.875Z,jamie.lee@acme.co
rtuv6rw5s,Accorder les autorisations de révision de code GH à Alex Johnson,@service_delivery - est-ce qu'Alex peut obtenir les autorisations de révision de code sur GitHub ?,Medium,Account,2024-10-28T18:45:14.386Z,alex.johnson@acme.co
rs8gesyjb,Outil Cloud Entreprise - Problèmes de dépendances de tâches,"Bonjour à tous, je rencontre un problème récurrent avec notre outil de gestion de projet cloud d'entreprise. Les dépendances de tâches échouent par intermittence à se mettre à jour correctement, ce qui crée une certaine confusion dans nos calendriers de projet. J'ai joint une capture d'écran du message d'erreur qui apparaît. Cela m'oblige à ajuster manuellement les paramètres de dépendance à chaque fois, ce qui est assez chronophage. Pourriez-vous examiner ce problème ? Il pourrait être lié à la configuration du projet ou aux autorisations des utilisateurs. Tout renseignement ou solution serait grandement apprécié ! Merci d'avance pour votre aide.",High,Software,2024-10-28T18:45:15.273Z,user@acme.co
ijkptlp5t,Demande d'accès : Gestion des salles de sous-groupes Zoom,"Veuillez accorder l'accès aux fonctionnalités de gestion des salles de sous-groupes Zoom à l'utilisateur suivant. Assurez-vous que l'utilisateur dispose des autorisations nécessaires pour créer et gérer des salles de sous-groupes lors des réunions. Si une licence supplémentaire est requise, veuillez vous coordonner avec l'équipe des licences pour faciliter cela. Utilisateur : John Doe E-mail : john.doe@acme.co",Medium,Software,2024-10-28T18:45:14.933Z,john.doe@acme.co
acwo22jws,Problème de téléchargement des pièces jointes,"Je rencontre des problèmes persistants avec notre client de messagerie cloud d'entreprise où certaines pièces jointes échouent par intermittence à être téléchargées. Cela nécessite une investigation détaillée et un ajustement manuel des paramètres du client de messagerie. De plus, il peut être nécessaire d'inspecter la connectivité réseau et les protocoles de gestion des pièces jointes côté serveur.",High,Software,2024-10-28T18:45:14.823Z,user123@acme.co
r4kmk0cex,Bonjour IT ! Pourriez-vous fournir des instructions pour configurer les paramètres de messagerie afin de signaler automatiquement les e-mails de phishing en utilisant notre client de messagerie ? Merci !,Bonjour IT ! Pourriez-vous fournir des instructions pour configurer les paramètres de messagerie afin de signaler et de rapporter automatiquement les e-mails de phishing en utilisant notre client de messagerie ? Merci !,Medium,Software,2024-10-28T18:45:14.731Z,user@acme.co
yf2s1k4li,Problème d'escalade sur la plateforme cloud,Nous rencontrons des problèmes persistants avec notre plateforme de support client cloud d'entreprise. Certains tickets de support échouent par intermittence à être escaladés vers des niveaux de support supérieurs. Cela nécessite une investigation détaillée et un ajustement manuel des règles d'escalade. Veuillez inspecter les configurations des workflows pour résoudre ce problème.,High,Software,2024-10-28T18:45:15.007Z,jane.doe@acme.co
jpkse6jqb,Re : Problèmes persistants avec les visualisations de données sur la plateforme Cloud Analytics,"Bonjour à l'équipe IT,

J'espère que vous allez tous bien ! Je souhaitais faire un suivi concernant le problème que j'ai mentionné plus tôt cette semaine à propos de notre plateforme d'analyse de données cloud d'entreprise. Nous rencontrons des problèmes persistants où certaines visualisations de données échouent par intermittence à s'afficher correctement. Cela nous oblige à ajuster manuellement les paramètres de visualisation et parfois à inspecter les configurations des sources de données. Y a-t-il quelque chose de spécifique dont vous avez besoin de notre équipe pour aider à résoudre ce problème ? Quelqu'un pourrait-il confirmer la réception de ce message ?

Merci,
Alex

Le lun. 5 févr. 2024 à 10h00, De la part de Acme Analytics <noreply@acme.co> a écrit :

Problèmes persistants avec les visualisations de données sur la plateforme Cloud Analytics

Nous avons identifié des problèmes persistants avec certaines visualisations de données qui ne s'affichent pas comme prévu sur notre plateforme d'analyse cloud. Cela peut nécessiter des ajustements manuels des paramètres de visualisation et une révision des configurations des sources de données.

Action requise

Veuillez vérifier vos paramètres de visualisation et vos configurations de sources de données pour vous assurer qu'ils sont correctement configurés. Si les problèmes persistent, une investigation supplémentaire pourrait être nécessaire.

Support

Pour une assistance supplémentaire, veuillez soumettre une demande de support via le lien suivant : Acme Analytics Support Page (https://support.acme.co)

L'équipe Acme Analytics

Cet e-mail a été envoyé depuis Acme Analytics

Powered by Acme (https://www.acme.co)",High,Software,2024-10-28T18:45:17.848Z,alex@acme.co
owv82rkx2,Demande d'accès au tableau de bord SFDC Analytics,"Bonjour à l'équipe IT ! Notre responsable des opérations commerciales, Alex Johnson, m'a informé que j'avais besoin d'accéder au tableau de bord SFDC Analytics pour mieux analyser nos données de ventes et nos indicateurs de performance. Actuellement, je ne dispose pas des autorisations nécessaires pour consulter ou interagir avec le tableau de bord. Pourriez-vous m'aider à obtenir l'accès approprié ? Mon adresse e-mail est jane.doe@acme.co. Une fois l'accès accordé, Alex vérifiera que tout est correctement configuré. Dans l'attente de votre aide sur cette question ! -- Cordialement, Analyste des ventes chez Acme Co Heures de bureau : Lundi - Jeudi 9h à 17h PST",Medium,Account,2024-10-28T18:45:15.716Z,jane.doe@acme.co
89pyqinfl,Demande d'accès à l'outil de gestion de backlog JIRA,"Bonjour équipe IT, Veuillez m'accorder l'accès à l'outil de gestion de backlog JIRA afin de gérer et prioriser les tâches efficacement. Merci. Cordialement, Jamie",Medium,Software,2024-10-28T18:45:26.708Z,jamie@acme.co
j81sug0je,Demande d'instructions pour les documents archivés,Demande d'instructions pour accéder aux documents archivés sur l'intranet de l'entreprise.,Medium,Software,2024-10-28T18:45:26.560Z,jane.doe@acme.co
wotmttmv5,Demande d'accès à l'espace de collaboration d'équipe Asana,"Bonjour, j'ai besoin d'accéder à l'espace de collaboration d'équipe Asana pour un nouveau projet sur lequel je travaille. J'ai essayé de contacter le chef de projet, mais il m'a suggéré de contacter l'IT pour les autorisations d'accès. Je pense que je dois être ajouté au groupe 'Marketing Team' dans Asana. Pourriez-vous m'aider avec cela ? Si vous avez besoin d'informations supplémentaires de ma part, faites-le moi savoir. Voici le lien vers l'espace Asana auquel je fais référence : https://acme.co/asana-marketing-team. Merci beaucoup !",Medium,Software,2024-10-28T18:45:27.901Z,jane.doe@acme.co
7xw97cp77,Productiv - Network: : Dépannage de la connexion internet lente demandé par john.doe@acme.co,"Problème signalé : Connexion Internet lente

Appareil : Ordinateur portable personnel

Étapes de dépannage requises ?
Oui

Assistance requise de :
it.support@acme.co

Demandeur :
John Doe
Spécialiste IT
Manager : jane.smith@acme.co

Date de la demande :
5 oct. 2023

Note de la demande :
Bonjour, je rencontre une connexion internet lente sur mon ordinateur portable personnel. Pourriez-vous me fournir des instructions détaillées sur la façon de résoudre ce problème ? Merci.",Medium,Network,2024-10-28T18:45:27.682Z,john.doe@acme.co
z4cihsazk,Re: Besoin d'instructions pour la configuration du bureau à distance sur un nouveau poste de travail,"Bonjour,

J'ai manqué les instructions initiales de configuration pour l'accès au bureau à distance sur mon nouveau poste de travail fourni par l'entreprise. Pourriez-vous me fournir les étapes nécessaires ou la documentation pour le configurer ?

Merci,

Alex Johnson | IT Coordinator

Acme Co. (https://acme.co/)   •  Help Center (https://help.acme.co/)   •  he/him/his",Medium,RemoteWork,2024-10-28T18:45:27.597Z,alex.johnson@acme.co
9gl9nt9jk,Demande d'accès au planificateur de réunions Zoom,"Bonjour équipe IT, j'espère que ce message vous trouve bien. Je vous contacte pour demander l'accès au planificateur de réunions Zoom. Cela m'aiderait grandement à organiser et gérer mes réunions plus efficacement. Veuillez me faire savoir si vous avez besoin d'informations supplémentaires de ma part. Merci pour votre aide ! Cordialement, John Doe",Medium,Software,2024-10-28T18:45:27.186Z,johndoe@acme.co
1sk6hgv4o,Problèmes de synchronisation avec le logiciel d'édition de documents en ligne,Problèmes persistants avec les fonctionnalités d'édition collaborative qui ne synchronisent pas les modifications en temps réel.,High,Software,2024-10-28T18:45:26.476Z,john.doe@acme.co
hxxfb4pmi,Alerte : Échecs de vérification intermittents dans le système CIAM - user@acme.co,"Notification du système Acme CIAM

Image du système Acme CIAM

Cette alerte d'échecs de vérification intermittents a pour but de vous informer que des vérifications spécifiques de comptes utilisateurs échouent de manière intermittente.

Les détails de l'alerte sont les suivants :

Utilisateur : user@acme.co

Par : Compte de service (ciam-service@acme.co)

Date : Lun, 30 oct. 2023 10:00 UTC

Alert Center n'est pas activé pour cette règle. Alert Center peut fournir des détails supplémentaires, des options d'investigation et des recommandations de remédiation. Pour l'activer, activez les alertes dans la page de détails de la règle.

Accéder aux détails de la règle

Vous avez reçu cette mise à jour importante concernant votre compte Acme CIAM System car vous êtes le destinataire administrateur désigné pour ce type d'alerte. Vous pouvez désactiver ces alertes ou modifier les destinataires des e-mails dans la section Règles de la Console d'administration.

Acme Corporation 1234 Elm Street Hometown, USA

-- 
Vous avez reçu ce message car vous êtes abonné au groupe Acme Groups ""Identity Management"". Pour vous désabonner de ce groupe et ne plus recevoir d'e-mails de celui-ci, envoyez un e-mail à idmgmt+unsubscribe@acme.co.",High,Software,2024-10-28T18:45:29.952Z,user@acme.co
ge79gx746,Configuration de l'accès pour un nouvel employé sur la plateforme de communication interne,"J'ai besoin d'instructions pour configurer l'accès d'un nouvel employé à notre plateforme de communication interne. Plus précisément, j'ai besoin de connaître les étapes pour lui accorder l'accès aux canaux pertinents pour son département. Je ne suis pas sûr des permissions ou des rôles requis pour cette configuration, désolé.",Medium,Communication,2024-10-28T18:45:26.754Z,alex.jordan@acme.co
spezbenfr,Demande d'accès à l'outil de gestion des tâches O365 Planner,Détails de la demande d'accès.,Medium,Software,2024-10-28T18:45:26.370Z,john.doe@acme.co
3m3q9uboa,Instructions pour soumettre une proposition de projet,"Bonjour à tous ! On m'a dit que nous pouvions soumettre de nouvelles propositions de projet via l'intranet de l'entreprise, mais je ne sais pas vraiment comment m'y prendre. Pourriez-vous me fournir les instructions ou m'orienter dans la bonne direction ? Je veux m'assurer de suivre le bon processus. Merci pour votre aide ! Merci beaucoup, Jamie Lee | Product Development Acme Co. • Remote • they/them",Medium,Training,2024-10-28T18:45:43.367Z,jamie.lee@acme.co
qtrm7mbdu,Échecs de requêtes persistants dans l'entrepôt de données cloud,Échecs intermittents d'exécution de requêtes dans un entrepôt de données cloud d'entreprise.,High,Software,2024-10-28T18:45:41.585Z,alex.jordan@acme.co
tfl1ohzhc,Enquêter sur les échecs d'approbation intermittents dans le workflow documentaire,"Bonjour équipe IT ! Pourriez-vous examiner les problèmes avec notre système de workflow documentaire basé sur le cloud ? Certains processus d'approbation ne se déclenchent pas de manière cohérente, ce qui cause quelques maux de tête. Nous devrons peut-être vérifier les configurations du workflow et voir s'il y a quelque chose d'anormal dans l'intégration avec les systèmes d'approbation externes. Merci beaucoup !",High,Software,2024-10-28T18:45:42.778Z,jane.doe@acme.co
0f4son7ut,Configuration de l'accès Bureau à distance,Nécessité de configurer l'accès sur un smartphone personnel.,Medium,RemoteWork,2024-10-28T18:45:41.416Z,user@acme.co
53qokbr06,Échecs de soumission intermittents dans le système de feedback,"Bonjour équipe IT, j'espère que vous allez bien ! Je vous contacte car je rencontre des problèmes persistants avec notre système de feedback client d'entreprise basé sur le cloud. Plus précisément, certains formulaires de feedback échouent de manière intermittente lors de la soumission, ce qui crée un goulot d'étranglement dans notre workflow. Pourriez-vous examiner ce problème ? Cela pourrait nécessiter une investigation détaillée et un ajustement manuel des paramètres de soumission des formulaires. De plus, il pourrait être nécessaire d'inspecter les workflows de traitement côté serveur pour s'assurer que tout fonctionne comme prévu. Votre aide pour résoudre ce problème serait grandement appréciée. Si vous avez besoin d'informations supplémentaires de ma part, n'hésitez pas à demander. Merci d'avance pour votre aide ! Cordialement, Alex Johnson",High,Software,2024-10-28T18:45:43.489Z,alex.johnson@acme.co
4wk8t65pm,Notifications par email pour les événements du calendrier,"Bonjour équipe IT, j'ai besoin d'aide pour configurer les notifications par email pour les événements du calendrier sur mon appareil mobile. Pouvez-vous me fournir des instructions étape par étape ? Merci !",Medium,Software,2024-10-28T18:45:41.932Z,jane.doe@acme.co
4kpo4iyc3,Demande d'instructions pour la configuration de la signature email,"Bonjour ! En tant qu'utilisateur mobile, j'ai besoin d'instructions pour configurer les paramètres de signature email sur mon appareil. Merci d'avance !",Low,Training,2024-10-28T18:45:41.317Z,user@acme.co
ogam9j2mn,Alerte : Problème de synchronisation des données - Enterprise Cloud Service,"Notification de Acme Cloud Services


Acme Cloud Services Image


Cette alerte de problème de synchronisation des données a pour but de vous informer que des ensembles de données spécifiques échouent de manière intermittente à se synchroniser entre les environnements on-premises et cloud.

Les détails de l'alerte sont les suivants :

Utilisateur : John Doe (john.doe@acme.co)

Par : System Admin (sysadmin@acme.co)

Date : Wed, Nov 1 2023 10:30 UTC

Alert Center n'est pas activé pour cette règle. Alert Center peut fournir des détails supplémentaires, des options d'investigation et des recommandations de remédiation. Pour l'activer, activez les alertes dans la page de détail de la règle.


Accéder aux détails de la règle


Vous avez reçu cette mise à jour importante concernant votre compte Acme Cloud Services car vous êtes le destinataire administrateur désigné pour ce type d'alerte. Vous pouvez désactiver ces alertes ou modifier les destinataires des emails dans la section Rules de l'Admin Console.

Acme Corporation 1234 Elm Street Springfield, USA


-- 
Vous avez reçu ce message car vous êtes abonné au groupe Acme Groups ""Cloud Services"". Pour vous désabonner de ce groupe et ne plus recevoir d'emails de celui-ci, envoyez un email à cloudservices+unsubscribe@acme.co.",High,Network,2024-10-28T18:45:45.642Z,john.doe@acme.co
pdsryhu6p,Permissions d'accès aux documents,"Nathan,\n\nEncore un autre problème. Il concerne notre système de gestion documentaire d'entreprise basé sur le cloud. Les permissions d'accès aux documents échouent de manière intermittente à s'appliquer correctement. J'ai dû ajuster manuellement les paramètres de permissions à plusieurs reprises. Il semble qu'il pourrait également y avoir un problème avec les configurations des rôles utilisateurs.\n\nDes idées ?\n\nJohn",High,Software,2024-10-28T18:45:42.078Z,john.doe@acme.co
gjwfn4fv0,Demande d'accès aux ZD Help Center Admin Tools,Cher équipe IT Support : Une demande d'accès aux ZD Help Center Admin Tools a été soumise. Nom du compte : Acme Co. Nom de l'outil : ZD Help Center Admin Tools Description : Accès requis pour la gestion du contenu de support et des permissions utilisateurs. Nom complet du demandeur : John Doe Numéro de demande : 00004567.0 Catégorie de statut : En attente d'approbation Statut : En attente de révision IT Date de début d'accès : 11/1/2023 Date de fin d'accès : 11/1/2024 Valeur totale de l'accès : N/A Cliquez sur le lien ci-dessous pour accéder à la demande : ZD Help Center Admin Tools Access (https://acme.co/access-request/00004567) ID de la demande : a5N2M000000nr7V ID utilisateur de la demande : 0052M000009PiHD Statut de la demande : Notifié Date de la demande : 10/25/2023 10:15 AM Demande assignée à : IT Support Commentaires de la demande : (Access Level = Admin) Commentaires de l'approbateur : Notifié - Informations système - Utilisateur notifié : IT Support 2023-10-25 10:15:45-0500 Approbations : | Nom de l'étape | Statut d'approbation | Date | Assigné à | Dépend de | Approbateur réel | Commentaires de l'approbateur | | IT Review | Approved | 10/25/2023 10:14 AM | John Doe | | John Doe | Approuvé avec commentaires - John Doe Commentaires de l'approbateur - Accès requis pour les nouvelles initiatives de projet et la gestion de contenu 2023-10-25 10:14:30-0500 | | IT Review | Approved | 10/25/2023 10:15 AM | Security Approval | | John Doe | Approved - John Doe 2023-10-25 10:15:44-0500 | | IT Review | Not Submitted | | Compliance Approval | | | | | IT Review | Not Submitted | | Manager Approval | | | | | IT Review | Not Submitted | | Final Approval | | | |,Medium,Account,2024-10-28T18:45:49.631Z,johndoe@acme.co
zstwuh6q8,Problème d'accès au système logiciel legacy,"Bonjour,

J'essaie de configurer l'accès d'un nouvel employé à notre système logiciel legacy, mais nous rencontrons des problèmes d'authentification. Nous avons suivi les directives du ""New Hire 101 FAQ"" et vérifié que les identifiants sont saisis correctement, mais l'utilisateur ne parvient toujours pas à s'authentifier. Pourriez-vous nous aider à résoudre ce problème ?

Merci !

--

Alex Johnson

|

HR Coordinator

|

+1 312 555 0199

Human Resources at Acme Co.",High,Software,2024-10-28T18:46:01.188Z,alex.johnson@acme.co
2r030ppqb,Problème de transfert de fichiers via Bureau à distance,"J'ai du mal à transférer des fichiers entre mon poste de travail local et mon poste de travail distant, même si tous les paramètres de configuration semblent corrects. Lorsque j'essaie de glisser-déposer des fichiers, rien ne se passe et aucun message d'erreur n'indique ce qui ne va pas. Pourriez-vous m'aider à résoudre ce problème ?",Medium,RemoteWork,2024-10-28T18:46:00.167Z,user@acme.co
h1km8sddb,Demande d'accès à la console ZDesk,Bonjour ! Jane Doe (jane.doe@acme.co) devrait obtenir l'accès à la ZDesk Customer Support Console pour des capacités de support améliorées. Merci ! John Smith | Customer Support Lead Acme Co (https://acme.co) • Connect with me (https://acme.co/john-smith),Medium,Account,2024-10-28T18:46:00.737Z,jane.doe@acme.co
5g39d4ekb,Problèmes persistants avec la planification de la plateforme d'email marketing,"Bonjour IT, je rencontre des problèmes récurrents avec notre plateforme d'email marketing cloud d'entreprise. La planification automatisée des campagnes échoue par intermittence à se déclencher, ce qui nécessite une investigation approfondie et un ajustement manuel des paramètres de planification. Il pourrait également être nécessaire d'inspecter l'intégration avec nos sources de données CRM. N'hésitez pas à me contacter si vous avez besoin de plus de détails. J'ai mis Sarah Johnson en copie pour toute autorisation nécessaire. Merci. Alex",High,Software,2024-10-28T18:46:00.721Z,alex.smith@acme.co
o5h9ry0ye,Accès au système de gestion de documents,"Bonjour à tous, je configure un nouvel employé et j'ai besoin de m'assurer qu'il a accès à notre système interne de gestion de documents. Pourriez-vous fournir les instructions ou les étapes nécessaires à suivre ? Merci, Alex",Medium,Software,2024-10-28T18:46:00.012Z,alex@acme.co
3nee4106a,Problèmes persistants avec la plateforme de gouvernance des données,"Bonjour IT Team, je rencontre des problèmes persistants avec notre plateforme de gouvernance des données cloud d'entreprise. Plus précisément, les politiques de classification des données échouent par intermittence à s'appliquer, ce qui nécessite une investigation approfondie et un ajustement manuel des configurations de politiques. De plus, il pourrait être nécessaire d'inspecter les paramètres d'intégration des sources de données. Pourriez-vous examiner ce problème ? Merci !",High,Software,2024-10-28T18:46:00.373Z,user@acme.co
0tg2use94,Échecs intermittents d'authentification API,"Bonjour, je rencontre des problèmes persistants avec notre application cloud d'entreprise où des endpoints API spécifiques échouent par intermittence à s'authentifier. Cela nécessite une investigation approfondie et un ajustement manuel des paramètres d'authentification API. Pourriez-vous également inspecter les protocoles de gestion des tokens ? Votre aide serait grandement appréciée ! Merci !! Alex Johnson | Cloud Solutions Specialist Acme Co. ● Remote ● He/Him/His",High,Software,2024-10-28T18:46:00.512Z,alex.johnson@acme.co
jdy0itrhg,Demande d'instructions pour la configuration du VPN sur un nouveau smartphone,Veuillez fournir les instructions pour se connecter au VPN de l'entreprise sur mon nouveau smartphone. Je dois m'assurer un accès sécurisé à nos ressources internes lors du travail à distance. Merci !,Medium,RemoteWork,2024-10-28T18:46:00.570Z,jane.doe@acme.co
8ubycv4fw,Aide pour la configuration du transfert d'e-mails sur mobile,Bonjour ! Pourriez-vous fournir des instructions sur la façon de configurer les paramètres de transfert d'e-mails sur mon appareil mobile ?,Medium,Software,2024-10-28T18:46:00.012Z,user@acme.co
tke4x4h4v,Alex Johnson - Demande d'accès à la fonctionnalité d'attribution de tâches Asana,"Attention Acme IT, une demande a été soumise pour accorder l'accès à la fonctionnalité Asana Task Assignment. Veuillez examiner les informations ci-dessous et déterminer si une action est nécessaire pour activer cette fonctionnalité pour l'utilisateur. Transaction : ""Access Request: Alex Johnson"" Asana ID : 12345abcde67890fghij Date d'effet : 2024-09-01 Date et heure de complétion : 2024-09-02T09:30:00.000-07:00 PST (Asana Server Time Zone) Employé : Alex Johnson Type d'employé : EE E-mail : alex.johnson@acme.co --------------------------------------------------------------- Cet e-mail a été généré depuis Asana ""acme - PROD"" au nom de Acme HR. Veuillez NE PAS RÉPONDRE à cet e-mail.",Medium,Software,2024-10-28T18:46:02.323Z,alex.johnson@acme.co
rso5smcxp,Assistance requise pour la configuration multi-moniteurs,"Bonjour ! J'essaie de configurer une configuration double moniteur sur mon poste de travail, mais je rencontre un problème. L'un des moniteurs affiche une calibration des couleurs incorrecte malgré le respect de toutes les instructions de connexion et la vérification que les pilotes corrects sont installés. Pourriez-vous m'aider à résoudre ce problème ? J'ai vérifié deux fois les câbles et les paramètres, mais le problème persiste. Merci !",Medium,Hardware,2024-10-28T18:46:14.000Z,user123@acme.co
l3a1kzrp4,Demande : Dépannage de la lenteur d'Internet sur smartphone,"Notification de Acme IT Support

Acme Co Image

Cette demande d'instructions de dépannage vise à vous aider à résoudre les problèmes de connexion Internet lente sur votre smartphone personnel.

Les détails de la demande incluent :

Appareil : Smartphone personnel

Par : User Account (user@acme.co)

Date : Mon, Oct 30 2023 10:15 UTC

Le Support Center n'est pas activé pour cette demande. Le Support Center peut fournir des détails supplémentaires, des options d'investigation et des recommandations de remédiation. Pour l'activer, activez le support dans la page de détails de la demande.

Accéder aux détails de la demande

Vous avez reçu cette mise à jour importante concernant votre compte Acme Co car vous êtes le destinataire utilisateur désigné pour ce type de support. Vous pouvez désactiver ces demandes ou modifier les destinataires des e-mails dans la section Support de la User Console.

Acme Co 1234 Elm Street Anytown, USA

-- 
Vous avez reçu ce message car vous êtes abonné au groupe Acme Co Groups ""IT Support"". Pour vous désabonner de ce groupe et ne plus recevoir d'e-mails de sa part, envoyez un e-mail à itsupport+unsubscribe@acme.co.",Medium,Network,2024-10-28T18:46:14.602Z,user@acme.co
28w58vbny,Fwd: Demande d'accès aux enregistrements Zoom,"Bonjour Acme IT Support Team, je suis l'AE Acme en charge du support de nos équipes internes. Je vous contacte au nom de notre chef de projet : Alex Johnson, ajohnson@acme.co. Alex a conduit plusieurs réunions importantes via Zoom et a besoin d'accéder aux enregistrements à des fins de documentation. Cependant, il semble que les autorisations d'accès soient restreintes, et Alex est dans l'impossibilité de visualiser ou de télécharger les enregistrements. Veuillez fournir à Alex les instructions nécessaires pour obtenir l'accès à ces enregistrements Zoom. Merci, Jamie",Medium,Communication,2024-10-28T18:46:12.773Z,jamie.smith@acme.co
3dpvql9rq,Accès aux dépôts privés GH,Puis-je avoir accès aux dépôts privés GH ? Il semble que je n'y aie pas accès actuellement. Capture d'écran jointe.,Medium,Account,2024-10-28T18:46:11.699Z,jane.doe@acme.co
nff4j4zve,Concernant l'accès au lecteur réseau partagé.,"Bonjour équipe IT, j'ai du mal à accéder à certains dossiers récemment ajoutés sur le lecteur réseau partagé. Malgré des autorisations et des paramètres de mappage corrects, je n'arrive toujours pas à y accéder. Pourriez-vous m'aider ? Merci",Medium,Network,2024-10-28T18:46:11.882Z,user@acme.co
gjhw7p09t,Bonjour équipe IT ! Problèmes persistants avec le système de chiffrement de fichiers basé sur le cloud,"Bonjour équipe IT ! Je rencontre des problèmes persistants avec notre système de chiffrement de fichiers d'entreprise basé sur le cloud. Les fichiers chiffrés échouent par intermittence à se déchiffrer correctement, et cela devient vraiment contraignant. J'ai essayé d'ajuster manuellement les paramètres de chiffrement, mais le problème persiste. Je pense que cela pourrait nécessiter une investigation détaillée et éventuellement un examen de nos protocoles de gestion des clés. Pourriez-vous examiner ce problème ? Merci !",High,Software,2024-10-28T18:46:12.139Z,user@acme.co
o4iifccsu,Assistance requise pour la configuration de l'authentification multi-facteurs,"Je vous écris pour demander de l'aide concernant la configuration de l'authentification Multi-Factor Authentication. Je rencontre des difficultés pour finaliser la configuration en raison de paramètres de fuseau horaire conflictuels, qui affectent la génération de mots de passe à usage unique basés sur le temps. Ce problème m'empêche d'accéder aux services essentiels de manière sécurisée. Pourriez-vous m'aider à résoudre ce conflit afin que je puisse finaliser la configuration et garantir un accès sécurisé ?",High,Security,2024-10-28T18:46:12.553Z,user@acme.co
uff9raxjy,"Bonjour IT, pouvez-vous m'accorder l'accès à Adobe Animate Tools ?","Bonjour IT, pouvez-vous m'accorder l'accès à Adobe Animate Tools ?",Medium,Software,2024-10-28T18:46:11.571Z,janedoe@acme.co
t0p8vf1b4,Fwd: Assistance requise pour la configuration de l'authentification multi-facteurs,"Bonjour à tous,\n\nS'agit-il d'un problème de compatibilité ?\n\n---------- Forwarded message ---------\nFrom: IT &lt;IT@acme.co&gt;\nDate: Tue, Oct 10, 2023 at 2:15 PM\nSubject: Assistance Required for Configuring Multi-Factor Authentication\nTo: &lt;alex.jordan@acme.co&gt;\n\nNous avons identifié un problème avec les fonctionnalités de sécurité biométrique de votre nouvel appareil qui entraîne des échecs d'authentification. Pour résoudre ce problème, un ajustement manuel de la configuration est nécessaire.\n\nVeuillez suivre les instructions ici pour continuer :\n\nConfiguration Adjustment (https://acme.co/support/mfa-config)\n\nVeuillez traiter ce problème dès que possible. Merci !\n\nCordialement,\nIT\n\n\n--\nAlex Jordan\nSenior Operations Analyst\nAlex.jordan@acme.co",High,Security,2024-10-28T18:46:14.205Z,alex.jordan@acme.co
nld9uapka,Problèmes de lancement d'applications VDI - Investigation requise,"Bonjour équipe IT, j'espère que vous allez bien ! Je rencontre des problèmes persistants avec notre VDI d'entreprise basé sur le cloud. Certaines applications échouent par intermittence à se lancer, ce qui devient très perturbant. Pourriez-vous examiner ce problème ? Cela pourrait nécessiter une investigation détaillée et un ajustement manuel des paramètres de livraison des applications. De plus, un examen potentiel de l'allocation des ressources côté serveur pourrait être nécessaire. Faites-moi savoir si vous avez besoin d'informations supplémentaires de ma part. Merci pour votre aide. Cordialement, Alex Johnson",High,Infrastructure,2024-10-28T18:46:12.701Z,alex.johnson@acme.co
tk4bhge28,Fwd: Échec d'exécution du script de transformation de données,"---------- Message transféré --------- De : Cloud Integration Platform <noreply@cloudplatform-alerts.com> Date : Jeu, 5 oct. 2023 à 10:15 Objet : Échec d'exécution du script de transformation de données À : <alex.jones@acme.co> Votre script de transformation de données n'a pas pu s'exécuter en raison de problèmes de compatibilité avec la source de données. Veuillez vérifier la configuration du script et les paramètres de la source de données. Script : Transform_Sales_Data_2023 Date : 5 octobre 2023 Code d'erreur : 503 - Service Unavailable Action suggérée : Vérifiez la compatibilité de la source de données et ajustez les paramètres du script en conséquence. Besoin d'aide ? Cliquez sur le lien ci-dessous Dépanner le script (https://support.acme.co/troubleshoot?script=Transform_Sales_Data_2023) Mettre à jour vos paramètres d'alerte (https://support.acme.co/alerts?user=alex.jones) INFORMATIONS IMPORTANTES Cet e-mail a été envoyé à alex.jones@acme.co Veuillez ne pas répondre à cet e-mail car nous ne sommes pas en mesure de répondre aux messages envoyés à cette adresse. Cloud Integration Platform",High,Software,2024-10-28T18:46:27.772Z,alex.jones@acme.co
t5slijvgy,Demande d'accès aux canaux d'équipe Slack,"Bonjour à l'équipe IT, Je viens de rejoindre le département marketing et j'ai remarqué que je n'ai pas accès à certains canaux de communication d'équipe Slack qui sont essentiels pour nos projets. J'ai vérifié avec mon responsable, et il a confirmé que je devrais avoir accès. Pourriez-vous m'aider à obtenir les permissions nécessaires ? Merci !",Medium,Communication,2024-10-28T18:46:25.664Z,alex.taylor@acme.co
06f1s54j1,Assistance requise pour l'investigation et la résolution d'une alerte de sécurité sur le poste de travail,"Détails de l'alerte de sécurité.

Détails de la demande :
	Email du demandeur : alex.jones@acme.co
	Nom du demandeur : Alex Jones
	Département du demandeur : IT Support
	Problème signalé : Impossibilité de mettre à jour les définitions du logiciel de sécurité
	Directives suivies : Securing Your Workstation
	Problème signalé le : 2024-06-10T14:22:45-07:00
	Note de la demande : problème de sécurité urgent

Détails de l'investigation :
	Investigué par : sam.taylor@acme.co
	Investigué le : 2024-06-10T15:30:00-07:00
	Statut de l'investigation : IN PROGRESS

Détails de la résolution :
	Canal de résolution : système de support interne
	Délai de résolution prévu : 2024-06-11T10:00:00-07:00",High,Security,2024-10-28T18:46:25.754Z,alex.jones@acme.co
0resyyqq0,Fwd: Demande d'instructions pour la configuration de l'authentification multi-facteurs,Besoin de conseils pour configurer l'authentification multi-facteurs pour notre plateforme d'analyse interne. Merci de nous indiquer la marche à suivre.,Medium,Security,2024-10-28T18:46:23.820Z,j.doe@acme.co
e67vdcq5o,Problèmes de réponse du chatbot,"Bonjour à l'équipe IT, Je rencontre des problèmes persistants avec notre chatbot de support client basé sur le cloud en entreprise. Certaines requêtes d'utilisateurs ne parviennent pas de manière intermittente à déclencher des réponses appropriées. Cela nécessite une investigation détaillée et un ajustement manuel de la logique du chatbot. De plus, il pourrait être nécessaire d'inspecter les configurations du modèle NLP. Pourriez-vous examiner cela dès que possible ? Merci !",High,Software,2024-10-28T18:46:24.056Z,jane.doe@acme.co
01conimmo,Vérification et restauration des sauvegardes de données,"Bonjour, j'ai remarqué que certains de mes fichiers de sauvegarde semblent incomplets. Pourriez-vous m'aider à examiner manuellement et à corriger les paramètres de configuration des sauvegardes ?",High,Software,2024-10-28T18:46:24.262Z,brittany.manopello@acme.co
ydgsoomkh,Demande d'accès à la fonctionnalité DBox Sync,"Bonjour,

J'essaie d'activer la fonctionnalité DBox Sync sur mon compte, mais je n'arrive pas à trouver l'option pour l'activer. J'ai vérifié les paramètres et suivi les instructions sur la page d'aide acme.co, mais la fonctionnalité de synchronisation n'est toujours pas disponible.

De plus, lorsque j'essaie d'accéder aux paramètres DBox Sync, je reçois un message indiquant « Feature not available for your account. » Je pense que mon compte devrait avoir accès à cette fonctionnalité selon les exigences de mon rôle.

Pourriez-vous m'aider à activer la fonctionnalité DBox Sync ? J'ai besoin de cette fonctionnalité pour collaborer efficacement avec mon équipe, et votre assistance rapide serait grandement appréciée.

Merci,
Alex",Medium,Software,2024-10-28T18:46:26.491Z,alex@acme.co
t1beaw1z2,Configuration de l'accès au bureau à distance,"Bonjour,

Pourriez-vous me fournir les instructions pour configurer l'accès au bureau à distance sur ma nouvelle tablette personnelle ? Je dois m'assurer de pouvoir accéder efficacement aux ressources de travail.

Merci

Alex Johnson | IT Support Specialist Acme Co. (https://acme.co) • New York, USA",Medium,RemoteWork,2024-10-28T18:46:24.731Z,alex.johnson@acme.co
080jm0cxc,Demande d'accès à Zoom Room,"Salut l'équipe IT ! J'espère que vous allez bien. J'essaie de configurer une réunion dans l'une de nos Zoom Rooms mais j'ai réalisé que je n'ai pas les permissions d'accès nécessaires. Pourriez-vous m'aider à obtenir l'accès ? Merci beaucoup ! Cordialement, J -- Jordan Smith | Project Coordinator Acme Co. (https://acme.co/) • New York, NY AVIS DE CONFIDENTIALITÉ : Le contenu de cet e-mail et de toutes les pièces jointes est destiné uniquement aux destinataires et peut contenir des informations confidentielles et/ou privilégiées, légalement protégées contre toute divulgation. Si vous n'êtes pas le destinataire prévu de ce message ou son mandataire, ou si ce message vous a été adressé par erreur, veuillez en alerter immédiatement l'expéditeur par e-mail, puis supprimer ce message et toutes les pièces jointes. Si vous n'êtes pas le destinataire prévu, vous êtes informé par la présente que toute utilisation, diffusion, copie ou stockage de ce message ou de ses pièces jointes est strictement interdit. AVERTISSEMENT : Un e-mail ne constitue pas un accord contraignant. Cet e-mail ne constitue pas un accord pour effectuer des transactions par voie électronique et ne crée aucun contrat juridiquement contraignant ni obligation exécutoire en l'absence d'un contrat écrit entièrement signé. Toutes les conditions contractuelles contenues dans cet e-mail sont soumises à l'approbation de Acme Co. et ne sont pas contraignantes tant que Acme Co. ne fournit pas cette approbation par écrit.",Medium,Communication,2024-10-28T18:46:28.525Z,jordan.smith@acme.co
nuczehmej,Demande d'accès : Adobe Lightroom Classic Tools,"L'utilisateur suivant nécessite un accès à Adobe Lightroom Classic Tools. Veuillez vous assurer que les permissions nécessaires sont accordées dans Adobe Admin Console. Actions manuelles requises : 1. [Adobe Admin Console](https://adminconsole.adobe.com) 2. [VPN Access](https://vpn.acme.co) Vérifiez si l'utilisateur a complété les modules de formation nécessaires. Si complété, veuillez procéder à l'octroi de l'accès. Si en attente, veuillez soumettre un ticket au [Training Department](https://support.acme.co/requests/new) avec les informations ci-dessous pour un suivi. Utilisateur : Alex Johnson E-mail : alex.johnson@acme.co Département : Marketing",High,Software,2024-10-28T18:46:28.094Z,alex.johnson@acme.co
i3uryj6ob,Projet : Dépannage de l'imprimante de bureau pour l'impression recto-verso,Création de cette demande de projet pour résoudre le problème des utilisateurs qui ne peuvent pas imprimer des documents recto-verso malgré des paramètres d'imprimante et une installation de pilote corrects. Cela permettra d'assurer des opérations d'impression fluides au sein du bureau.,Medium,Hardware,2024-10-28T18:46:38.084Z,user@acme.co
pw4ehe1iq,Problème de synchronisation des métadonnées de documents,"Bonjour, je rencontre des problèmes persistants avec notre système de gestion de documents basé sur le cloud en entreprise. Les métadonnées des documents échouent de manière intermittente à se synchroniser entre plusieurs référentiels. Cela nécessite une investigation détaillée et un ajustement manuel des paramètres de synchronisation, ainsi qu'une inspection potentielle des configurations de mappage des métadonnées. Pourriez-vous examiner ce problème ? Merci, Alex Johnson",High,Software,2024-10-28T18:46:38.858Z,alex.johnson@acme.co
0z2ch52ua,Instructions nécessaires pour la réinitialisation du mot de passe sur le système de tickets interne,"Bonjour IT, j'ai oublié mon mot de passe pour le système de tickets interne de l'entreprise et je suis dans l'impossibilité d'accéder à mon compte. Pourriez-vous me fournir les instructions pour le réinitialiser ? J'ai essayé le lien 'Forgot Password', mais il semble ne pas répondre. S'il existe une procédure spécifique ou si vous avez besoin d'informations supplémentaires de ma part, veuillez me le faire savoir. Merci pour votre aide. Cordialement, Alex",Medium,Account,2024-10-28T18:46:38.458Z,alex.jones@acme.co
e5jruj7ph,Re: [Acme] Re: Problèmes de filtres du tableau de bord,"Bonjour à tous - je souhaitais inclure l'équipe IT sur ce sujet car je pense que cela pourrait potentiellement être un problème d'intégration de source de données. Équipe IT - nous rencontrons un problème avec notre outil de visualisation de données basé sur le cloud en entreprise où des filtres de tableau de bord spécifiques échouent de manière intermittente à s'appliquer. Cela nécessite un ajustement manuel des configurations de filtres et une inspection potentielle des paramètres d'intégration des sources de données. Merci !

On Mon, Dec 5, 2023 at 10:59 AM Alex Johnson <alex.johnson@acme.co> wrote:

Les filtres du tableau de bord, c'est-à-dire. Les autres fonctionnalités semblent fonctionner correctement. Merci !

On Mon, Dec 5, 2023 at 10:55 AM Alex Johnson <alex.johnson@acme.co> wrote:

Bonjour Jamie - rien ne fonctionne vraiment, je ne peux même pas appliquer les filtres ni les ajuster...

On Mon, Dec 5, 2023 at 10:50 AM Jamie (Acme) <support@acme.co> wrote:

##- Please type your reply above this line -##

Votre demande (2003912) a été mise à jour. Pour ajouter des commentaires supplémentaires, répondez à cet e-mail.

Jamie (Acme)

Dec 5, 2023, 11:50 AM EST

Bonjour Alex👋,
Pouvez-vous essayer d'appliquer les filtres en mode navigation privée (https://support.google.com/chrome/answer/95464?hl=en&co=GENIE.Platform%3DDesktop&oco=0) dans votre navigateur et me faire savoir si cela résout le problème ?
 
Si c'est le cas, veuillez essayer de vider les cookies et le cache de votre navigateur. Si ce n'est pas le cas, pouvez-vous enregistrer les étapes que vous effectuez ? Vous pouvez utiliser Loom.com (http://loom.com) si nécessaire !
 
J'espère que cela vous aide, faites-moi savoir si vous avez d'autres questions. Sinon, j'espère que vous passerez une excellente journée !
 
Cordialement,

Jamie at Acme
Product Specialist
Hours 10am-6pm EST

The Acme Team
Check out our information-packed Help Center here! (https://acme.co/help)
Schedule a spot in the Live Q&A here! (https://acme.co/live-q-a-sessions/live-q-a)

Alex Johnson

Dec 5, 2023, 11:35 AM EST

Bonjour à tous - Notre outil de visualisation de données ne me permet pas d'appliquer les filtres du tableau de bord, j'obtiens le message d'erreur suivant. Pourriez-vous examiner ce problème ? Merci !

--


Alex Johnson  |  Data Analyst, Enterprise

Acme (https://acme.co/)   •  Book Time With Me  (https://acme.co/alex-johnson/30min?month=2023-05)



This email is a service from Acme. Delivered by Zendesk (https://www.zendesk.com/support/?utm_campaign=text&utm_content=Acme&utm_medium=poweredbyzendesk&utm_source=email-notification)
[PWE4WE-PQOMD]

--


Alex Johnson  |  Data Analyst, Enterprise

Acme (https://acme.co/)   •  Book Time With Me  (https://acme.co/alex-johnson/30min?month=2023-05)



--


Alex Johnson  |  Data Analyst, Enterprise

Acme (https://acme.co/)   •  Book Time With Me  (https://acme.co/alex-johnson/30min?month=2023-05)



--


Alex Johnson  |  Data Analyst, Enterprise

Acme (https://acme.co/)   •  Book Time With Me  (https://acme.co/alex-johnson/30min?month=2023-05)",High,Software,2024-10-28T18:46:51.108Z,alex.johnson@acme.co
vsh16x90o,Accès au lecteur réseau partagé,"Bonjour équipe IT, je viens de recevoir mon nouvel ordinateur de bureau fourni par l'entreprise et j'ai besoin d'aide pour accéder au lecteur réseau partagé. Pourriez-vous me fournir les instructions ou les étapes nécessaires pour me connecter ? Merci !",Medium,Network,2024-10-28T18:46:37.893Z,jane.doe@acme.co
jkrb39lvg,Demande d'accès pour la collaboration sur le tableau T-List,"10/15/23

Utilisateur ajouté au groupe T-List Board Collaboration.

Retiré de :

General Access
Project Management

10/16/23

Accès au T-List Board provisionné.

General Access et Project Management ont été ajoutés après le 10/15, donc j'ai retiré l'utilisateur des deux groupes.

L'utilisateur restera dans le groupe T-List Board Collaboration jusqu'à la fin du projet.",Medium,Account,2024-10-28T18:46:38.929Z,jane.doe@acme.co
lyywdqlwv,L'imprimante produit des impressions délavées malgré des niveaux de toner corrects,Notre imprimante de bureau produit des impressions délavées même si les niveaux de toner sont corrects et que les paramètres de calibration ont été vérifiés. Quelqu'un de l'équipe IT peut-il nous aider à résoudre ce problème ?,Medium,Hardware,2024-10-28T18:46:38.178Z,user@acme.co
ygf78x5pl,Problèmes persistants avec les règles d'e-mail dans le client basé sur le cloud,"Un utilisateur rencontre des problèmes persistants avec le client de messagerie basé sur le cloud en entreprise, où des règles d'e-mail spécifiques échouent de manière intermittente à s'appliquer, nécessitant une investigation détaillée et un ajustement manuel des configurations de règles ainsi qu'une inspection potentielle des workflows de traitement côté serveur.",High,Software,2024-10-28T18:46:38.458Z,john.doe@acme.co
koode322a,Demande d'accès à Adobe Premiere Rush,"J'ai fréquemment besoin de modifier de courts clips vidéo pour nos canaux de médias sociaux, et il serait extrêmement bénéfique d'avoir accès à Adobe Premiere Rush. Actuellement, j'utilise des outils de montage basiques qui manquent des fonctionnalités nécessaires pour des vidéos de qualité professionnelle. Avoir Premiere Rush optimiserait mon flux de travail et améliorerait la qualité de notre contenu. Si possible, pourriez-vous m'accorder l'accès à cette application ?",Medium,Software,2024-10-28T18:46:38.665Z,jane.doe@acme.co
t55l6daqq,Alerte : Connexion Internet lente persistante sur le poste de travail - user@acme.co,"Notification du système de surveillance réseau

Network Performance Image

Cette alerte de connexion Internet lente persistante est destinée à vous informer qu'un poste de travail spécifique connaît des vitesses Internet lentes malgré une stabilité réseau globale et des paramètres de configuration corrects.

Les détails de l'alerte incluent :

Poste de travail : user@acme.co

Par : Network Monitoring System (network-monitor@acme.co)

Date : Mon, Oct 16 2023 10:15 UTC

Les diagnostics réseau ne sont pas activés pour cette règle. Les diagnostics réseau peuvent fournir des détails supplémentaires, des options d'investigation et des recommandations de remédiation. Pour les activer, activez les diagnostics dans la page de détails de la règle.

Accéder aux détails de la règle

Vous avez reçu cette mise à jour importante concernant les performances de votre réseau car vous êtes le destinataire administrateur désigné pour ce type d'alerte. Vous pouvez désactiver ces alertes ou modifier les destinataires des e-mails dans la section Règles de la Admin Console.

Acme Co. 123 Innovation Drive Tech City, TC 12345

-- 
Vous avez reçu ce message car vous êtes abonné au groupe ""Network Performance"" de Acme Co. Pour vous désabonner de ce groupe et ne plus recevoir d'e-mails de sa part, envoyez un e-mail à network+unsubscribe@acme.co.",Medium,Network,2024-10-28T18:46:42.451Z,user@acme.co
yavbif8la,Demande : Configuration de la synchronisation des e-mails - john.doe@acme.co (john.doe@acme.co),"Notification d'Acme IT Support

Image de configuration mobile Acme

Cette demande de configuration de la synchronisation des e-mails est destinée à vous informer qu'une assistance est nécessaire pour configurer les paramètres de synchronisation des e-mails sur un nouvel appareil mobile personnel.

Les détails de la demande sont les suivants :

Utilisateur : john.doe@acme.co (john.doe@acme.co)

Appareil : Appareil mobile personnel

Date : lun. 30 oct. 2023 10:15 UTC

Le Support Center n'est pas activé pour cette demande. Le Support Center peut fournir des informations supplémentaires, des instructions étape par étape et des conseils de dépannage. Pour l'activer, rendez-vous dans la section support du portail Acme IT.

Accéder aux détails du support

Vous avez reçu cette mise à jour importante concernant votre compte Acme car vous êtes l'utilisateur désigné pour ce type de demande. Vous pouvez désactiver ces notifications ou modifier les destinataires des e-mails dans la section Préférences de la console utilisateur.

Acme Corp 123 Innovation Drive Tech City, TX 75001

-- 
Vous avez reçu ce message car vous êtes abonné au groupe Acme Groups ""Mobile Support"". Pour vous désabonner de ce groupe et ne plus recevoir d'e-mails de sa part, envoyez un e-mail à mobilesupport+unsubscribe@acme.co.",Medium,Communication,2024-10-28T18:47:04.466Z,john.doe@acme.co
a0x9vhsk2,Demande d'accès : Adobe Audition Audio Editing Tools,"Notification d'Acme IT Services

Image Acme Workspace

Cette alerte de demande d'accès est destinée à vous informer qu'une demande d'accès à Adobe Audition Audio Editing Tools a été effectuée.

Les détails de la demande sont les suivants :

Demandeur : jane.doe@acme.co

Par : Compte de service (it-service@acme.co)

Date : lun. 30 oct. 2023 09:15 UTC

L'Access Center n'est pas activé pour cette demande. L'Access Center peut fournir des informations supplémentaires, des options d'investigation et des recommandations d'approbation. Pour l'activer, activez les demandes d'accès dans la page de détails de la demande.

Accéder aux détails de la demande

Vous avez reçu cette mise à jour importante concernant votre compte Acme Workspace car vous êtes le destinataire administrateur désigné pour ce type de demande. Vous pouvez désactiver ces alertes ou modifier les destinataires des e-mails dans la section Demandes de l'Admin Console.

Acme Corp 123 Innovation Drive Tech City, TX 75001

-- 
Vous avez reçu ce message car vous êtes abonné au groupe Acme Groups ""IT Support"". Pour vous désabonner de ce groupe et ne plus recevoir d'e-mails de sa part, envoyez un e-mail à itsupport+unsubscribe@acme.co.",Medium,Software,2024-10-28T18:47:04.631Z,jane.doe@acme.co
jlm61eonw,Dépannage de la connexion VPN : Problème d'accès aux ressources internes,L'utilisateur ne parvient pas à accéder à certaines ressources internes malgré une connexion VPN réussie et des paramètres de configuration corrects.,High,Network,2024-10-28T18:47:01.714Z,john.doe@acme.co
fwiro8q0w,Échecs d'authentification intermittents avec la signature électronique de documents dans le cloud,"Bonjour à l'équipe IT, je rencontre un problème avec notre plateforme de signature de documents basée sur le cloud d'entreprise. Plus précisément, l'authentification de ma signature échoue de manière intermittente, ce qui entraîne des retards dans le traitement des documents. J'ai essayé d'ajuster les paramètres de vérification de signature, mais le problème persiste. Il semble qu'il pourrait y avoir un problème avec la configuration de mon compte utilisateur. Pourriez-vous examiner cette situation et apporter les ajustements nécessaires ? Merci !",High,Software,2024-10-28T18:47:02.535Z,jane.doe@acme.co
k4d32htfs,Bonjour... c'est encore moi :wave: Quelqu'un pourrait-il m'aider ? Mon compte est bloqué après trop de tentatives de mot de passe incorrectes.,Bonjour... c'est encore moi :wave: Quelqu'un pourrait-il m'aider ? Mon compte est bloqué après trop de tentatives de mot de passe incorrectes et je ne peux pas le réinitialiser par moi-même. J'ai besoin que quelqu'un intervienne manuellement pour le déverrouiller. Merci !,High,Account,2024-10-28T18:47:05.567Z,user123@acme.co
z13puvxn9,Impossibilité de configurer les paramètres du pare-feu malgré les directives,"Je suis incapable de configurer les paramètres du pare-feu sur mon poste de travail même après avoir suivi les directives ""Securing Your Workstation"". Il semble qu'une alerte de sécurité empêche les modifications. Pourriez-vous m'aider à examiner et résoudre ce problème ?",High,Security,2024-10-28T18:47:01.972Z,user@acme.co
52uqvmhnd,Demande d'accès aux outils de collaboration,"Bonjour, je suis un nouvel employé et je demande des instructions pour configurer l'accès aux outils de collaboration basés sur le cloud de l'entreprise - merci.",Medium,Software,2024-10-28T18:47:01.674Z,newhire@acme.co
kplg7upkv,Échecs de restauration intermittents dans l'archivage de données cloud,"Bonjour,

Nous vous contactons pour vous informer qu'il y a des problèmes persistants avec le système d'archivage de données cloud d'entreprise. Certains ensembles de données archivées échouent de manière intermittente à être restaurés, ce qui nécessite une investigation détaillée et un ajustement manuel des paramètres de restauration. Il pourrait également être nécessaire d'inspecter l'infrastructure de stockage et l'intégrité des données. Veuillez envoyer un e-mail à it@acme.co si vous avez des questions ou avez besoin d'assistance.

Cordialement !
Acme IT

-- 
Cet e-mail vous a été envoyé car un administrateur Acme vous a désigné comme destinataire. Si vous pensez que cet envoi est une erreur, veuillez contacter votre administrateur Acme. Si vous ne savez pas qui c'est, veuillez contacter votre service d'assistance ou votre équipe IT.",High,Infrastructure,2024-10-28T18:47:03.339Z,user@acme.co
7ooucrvfi,Instructions pour la configuration de nouveaux comptes utilisateurs sur l'imprimante de bureau,"Bonjour,

Je soumets un ticket au nom de notre équipe, et j'ai mis en copie mon collègue Alex ici. Veuillez répondre à tous lorsque vous répondez. Nous avons besoin d'aide pour ce qui suit :

Merci !

Nous avons récemment acquis une nouvelle imprimante de bureau et devons configurer des comptes utilisateurs pour les membres de notre équipe. Pourriez-vous fournir des instructions détaillées sur la façon de créer et de gérer ces comptes ? Plus précisément, nous avons besoin de conseils sur les étapes suivantes :

1. Accéder au panneau d'administration de l'imprimante pour lancer le processus de configuration.
2. Créer des comptes utilisateurs individuels avec des permissions spécifiques.
3. Configurer les paramètres d'impression par défaut pour chaque utilisateur.
4. Résoudre les problèmes courants pouvant survenir lors de la configuration.

Les étapes n'ont pas à correspondre exactement, mais elles doivent couvrir les actions essentielles requises pour un processus de configuration fluide.

--
Jamie Lee
Office Manager, Acme Co.",Medium,Hardware,2024-10-28T18:47:03.648Z,jamie.lee@acme.co
6je8ewqp2,Problèmes d'enregistrement sur la plateforme de vidéoconférence d'entreprise,"Bonjour ! Je rencontre des problèmes persistants avec notre plateforme de vidéoconférence cloud d'entreprise. Les enregistrements de réunions échouent de manière intermittente à être sauvegardés, ce qui nécessite une investigation détaillée et un ajustement manuel des paramètres d'enregistrement. Il pourrait également être nécessaire d'inspecter les configurations de stockage côté serveur. Cela est crucial pour mon rôle au sein de l'équipe de gestion de projet, où je dois m'assurer que tous les comptes rendus de réunions sont correctement archivés pour référence future. Mon responsable (Jane Doe) est mis en copie pour approbation. Merci d'avance ! Alex -- Alex Smith | Project Manager Acme Co (https://acme.co/) • New York, NY • he/him",High,Software,2024-10-28T18:47:02.734Z,alex.smith@acme.co
h37svhhpo,Problèmes de rendu de l'interface utilisateur dans l'application Cloud,Je rencontre des problèmes persistants avec notre application cloud d'entreprise où certains éléments de l'interface utilisateur ne s'affichent pas correctement de manière intermittente. Cela nécessite une investigation détaillée et peut-être un ajustement manuel du code front-end. Pourriez-vous également vérifier les paramètres de compatibilité du navigateur ?,High,Software,2024-10-28T18:47:15.861Z,alex.jordan@acme.co
haqw7ldbv,Demande d'accès à l'outil de collaboration DBox Paper,"Bonjour à l'équipe IT, j'espère que ce message vous trouve bien. Je vous contacte pour demander l'accès à l'outil de collaboration DBox Paper pour notre projet à venir. Cet outil est essentiel pour la gestion des documents et les besoins de collaboration de notre équipe. Pourriez-vous s'il vous plaît m'aider à configurer mon accès dans les meilleurs délais ? Merci pour votre soutien ! Cordialement, Alex Johnson",Medium,Software,2024-10-28T18:47:15.862Z,alex.johnson@acme.co
42fi9ks0a,Sécurisation du poste de travail : activer les mises à jour automatiques des logiciels,"Veuillez fournir des instructions détaillées sur la façon d'activer les mises à jour automatiques des logiciels sur mon poste de travail afin d'améliorer la sécurité. Une fois terminé, assurez-vous que les étapes sont documentées et placées dans le IT Shared Drive -> Security folder -> '202x - Qx' (X étant l'année en cours et x étant le trimestre en cours).",Medium,Software,2024-10-28T18:47:15.530Z,jane.doe@acme.co
iqx5g8jyb,Instructions pour créer un nouveau Google Calendar pour les réunions interdépartementales,Instructions nécessaires pour configurer un nouveau Google Calendar.,Medium,Training,2024-10-28T18:47:14.912Z,alex.jones@acme.co
vaurncgoo,Dépannage d'une connexion Internet lente sur un Smart TV,Pourriez-vous s'il vous plaît fournir des instructions sur la façon de dépanner une connexion Internet lente sur mon Smart TV fourni par l'entreprise ?,Medium,Network,2024-10-28T18:47:14.971Z,luke.kolin@acme.co
b130osr1h,Alerte : Échecs intermittents de transfert de données - Plateforme de chiffrement d'entreprise,"Notification de Acme Cloud Security


Acme Cloud Security Image


Cette alerte d'échec intermittent de transfert de données est destinée à vous informer que certains transferts de données chiffrées échouent de manière intermittente sur votre plateforme de chiffrement de données cloud d'entreprise.

Les détails de l'alerte incluent :

Problème : Échecs intermittents de transfert de données

Par : System Admin (sysadmin@acme.co)

Date : Thu, Oct 5 2023 10:30 UTC

Alert Center n'est pas activé pour cette règle. Alert Center peut fournir des détails supplémentaires, des options d'investigation et des recommandations de remédiation. Pour l'activer, activez les alertes dans la page de détails de la règle.

Accéder aux détails de la règle

Vous avez reçu cette mise à jour importante concernant votre compte Acme Cloud Security car vous êtes le destinataire administrateur désigné pour ce type d'alerte. Vous pouvez désactiver ces alertes ou modifier les destinataires des e-mails dans la section Rules de la Admin Console.

Acme LLC 123 Innovation Drive Tech City, TC 12345


-- 
Vous avez reçu ce message parce que vous êtes abonné au groupe Acme Groups ""Data Security"". Pour vous désabonner de ce groupe et ne plus recevoir d'e-mails de celui-ci, envoyez un e-mail à datasec+unsubscribe@acme.co.",High,Security,2024-10-28T18:47:17.446Z,it.support@acme.co
lxtnrmguv,Échecs intermittents dans l'automatisation des flux de travail,"Bonjour ! Je rencontre des problèmes persistants avec notre plateforme d'automatisation des flux de travail cloud d'entreprise. Des séquences de tâches spécifiques échouent de manière intermittente, ce qui m'oblige à ajuster manuellement les configurations des flux de travail. C'est devenu assez contraignant, et je soupçonne qu'il pourrait y avoir un problème avec l'intégration avec des systèmes externes. Pourriez-vous s'il vous plaît investiguer cela ? Merci !",High,Software,2024-10-28T18:47:15.674Z,jamie.smith@acme.co
570gnt5qw,Assistance requise pour vérifier la complétion de la sauvegarde des données,L'utilisateur signale des fichiers manquants dans la sauvegarde récente et a besoin d'une révision manuelle des journaux de sauvegarde et des paramètres de configuration.,High,Software,2024-10-28T18:47:15.161Z,john.doe@acme.co
sjpuvifwu,Définir le bac à papier par défaut pour l'imprimante de bureau,"Bonjour à tous ! Pourriez-vous me guider sur la façon de définir un bac à papier par défaut pour notre imprimante de bureau ? C'est un peu confus, et je veux m'assurer que je fais les choses correctement. Avoir le bon bac défini par défaut permettrait vraiment de simplifier notre processus d'impression. Merci ! Alex",Medium,Hardware,2024-10-28T18:47:15.450Z,alex@acme.co
sai67ttf1,Assistance pour la réinitialisation de mot de passe,"Bonjour IT, j'ai besoin d'aide pour réinitialiser mon mot de passe pour notre logiciel de visioconférence. Je l'ai oublié et je ne peux pas me connecter. J'ai essayé d'utiliser le lien 'Forgot Password', mais cela n'a pas fonctionné. Mon collègue a pu réinitialiser le sien sans aucun problème.",Medium,Software,2024-10-28T18:47:15.401Z,jane.doe@acme.co
rj643fx6t,Instructions nécessaires : Accès au lecteur réseau partagé depuis un nouvel ordinateur portable,"Bonjour IT, je viens de recevoir mon nouvel ordinateur portable fourni par l'entreprise et j'ai besoin d'accéder au lecteur réseau partagé. Pourriez-vous me fournir les instructions ou configurations nécessaires pour effectuer cette configuration ? S'il existe des autorisations spécifiques ou des installations de logiciels requises, veuillez me le faire savoir. Dans l'attente de vos conseils à ce sujet. Merci. Alex",Medium,Network,2024-10-28T18:47:27.354Z,alex@acme.co
wgl8093ue,Problème de fonctionnalité de recherche sur l'intranet,"Bonjour l'équipe IT, j'ai des difficultés avec la fonctionnalité de recherche sur l'intranet. Malgré l'utilisation des bons paramètres de recherche et la vérification que ma configuration réseau est correctement configurée, je suis incapable d'obtenir des résultats pertinents. Pourriez-vous m'aider à résoudre ce problème ? Merci !",Medium,Software,2024-10-28T18:47:27.160Z,user123@acme.co
22qcr1e86,Besoin d'aide pour configurer l'accès d'un nouvel employé au portail de formation,"J'essaie de configurer l'accès pour un nouvel employé à notre portail de formation interne, mais je ne suis pas sûr des étapes exactes à suivre. J'ai consulté les guides de configuration habituels, mais je ne trouve rien de spécifique à l'accès au portail de formation. Pourriez-vous me fournir des instructions détaillées ou m'orienter vers les bonnes ressources ? C'est assez urgent car le nouvel employé doit commencer sa formation prochainement. Merci pour votre aide !",High,Training,2024-10-28T18:47:27.830Z,jane.doe@acme.co
d6wh9t3az,Problèmes persistants de synchronisation des événements du calendrier sur les appareils mobiles,"Bonjour l'équipe IT, je rencontre des problèmes persistants avec notre client de messagerie cloud d'entreprise où certains événements du calendrier échouent par intermittence à se synchroniser avec mes appareils mobiles. Cela m'oblige à ajuster manuellement les paramètres de synchronisation fréquemment. Pourriez-vous examiner ce problème en détail et inspecter les configurations des appareils mobiles ? Merci !",Medium,Software,2024-10-28T18:47:27.712Z,user@acme.co
udja0h052,Alex Johnson - Assistance pour la configuration multi-écrans,"À l'attention de Acme IT,

Un utilisateur a signalé un problème avec sa configuration multi-écrans. Malgré des paramètres de connexion et d'alimentation corrects, l'un des moniteurs n'affiche rien. Cela peut être dû à un problème matériel ou de câble nécessitant une inspection physique. Veuillez examiner les détails ci-dessous et prendre les mesures nécessaires pour résoudre le problème.

Utilisateur : Alex Johnson
Workstation ID : 5a7b9cde1234567890abcdef
Problème signalé : Un moniteur n'affiche rien
Type de connexion : HDMI
État de l'alimentation : Confirmé ALLUMÉ

---------------------------------------------------------------
Cet e-mail a été généré depuis Acme IT Support System au nom de Acme Co.
Veuillez NE PAS RÉPONDRE à cet e-mail.",Medium,Hardware,2024-10-28T18:47:28.253Z,alex.johnson@acme.co
2uqlzpdkn,Demande de configuration de transfert d'e-mails,"Bonjour IT,

&lt;div data-elementType&#x3D;&quot;paragraph&quot;&gt;Équipe IT,&lt;/div&gt;&lt;div&gt;&lt;br /&gt;&lt;/div&gt;&lt;div data-elementType&#x3D;&quot;paragraph&quot;&gt;Pourriez-vous me fournir des instructions sur la façon de configurer les paramètres de messagerie pour transférer automatiquement les e-mails suspects de phishing à l'équipe de sécurité IT ?&lt;/div&gt;&lt;div&gt;&lt;br /&gt;&lt;/div&gt;&lt;div data-elementType&#x3D;&quot;paragraph&quot;&gt;Veuillez marquer cette tâche comme terminée une fois effectuée. Merci !&lt;/div&gt;",Medium,Security,2024-10-28T18:47:29.555Z,jane.doe@acme.co
hi9xftpxs,Échecs intermittents des prédictions de modèles ML,"Bonjour, je suis Alex Turner de l'équipe d'analyse de données. Nous rencontrons des problèmes persistants avec notre plateforme d'analyse de données cloud d'entreprise. Plus précisément, certaines prédictions de modèles machine learning échouent par intermittence à se mettre à jour. Cela nous oblige à ajuster manuellement les paramètres de déploiement des modèles et potentiellement à inspecter les configurations du pipeline de données. Pourriez-vous examiner ce problème ? Merci d'avance.",High,Software,2024-10-28T18:47:28.289Z,alex.turner@acme.co
haqj1op58,Problèmes de contrôle de version dans le système de gestion documentaire,"Bonjour,

Je rencontre des problèmes persistants avec notre système de gestion documentaire cloud d'entreprise. Le contrôle de version des documents échoue par intermittence à suivre les modifications, ce qui m'oblige à ajuster manuellement les paramètres de versionnage. Pourriez-vous examiner ce problème ? De plus, il pourrait être nécessaire d'inspecter les processus de synchronisation des documents pour s'assurer que tout fonctionne correctement.

Merci pour votre assistance.

Cordialement
--

Alex Johnson  |  Spécialiste en documentation

Acme Co. (https://acme.co/)   •  New York, NY",High,Software,2024-10-28T18:47:29.256Z,alex.johnson@acme.co
3gnf2b8yf,Intranet : Instructions nécessaires pour la soumission d'événements,"Lundi 4 mars 2024 Demande d'instructions pour soumettre un nouvel événement ou une annonce sur l'intranet de l'entreprise Bonjour l'équipe IT, je souhaite soumettre un nouvel événement et une annonce sur notre intranet d'entreprise mais je n'ai pas trouvé les instructions pour le faire. Pourriez-vous me guider dans le processus ou m'orienter vers les ressources appropriées ? Je veux m'assurer que les détails de l'événement soient visibles par tous les employés en temps voulu. S'il existe des directives ou des modèles spécifiques à suivre, veuillez me le faire savoir. Merci pour votre aide ! Cordialement, Alex Johnson",Medium,Communication,2024-10-28T18:47:28.242Z,alex.johnson@acme.co
h7xrqbbrf,"Bonjour IT, puis-je obtenir de l'aide pour configurer l'authentification Multi-Factor Authentication ?","Bonjour IT, j'ai des difficultés à configurer le Multi-Factor Authentication. Il semble y avoir un conflit entre les méthodes de l'application d'entreprise et celles d'une application tierce. Pourriez-vous m'aider à résoudre ce problème manuellement ?",Medium,Security,2024-10-28T18:47:27.011Z,user@acme.co
k4tilwxa4,Problème avec le système de réinitialisation de mot de passe cloud,"Je rencontre des problèmes persistants avec notre système de réinitialisation de mot de passe cloud d'entreprise. Les liens de réinitialisation échouent de manière intermittente à se générer, ce qui nécessite une investigation détaillée. Pourriez-vous examiner les paramètres de livraison des e-mails et inspecter les configurations des comptes utilisateurs ?",High,Software,2024-10-28T18:47:39.950Z,user@acme.co
q52r4sqo4,Les rappels d'événements Google Calendar ne se déclenchent pas,"+ IT Team

Bonjour IT Team, pouvez-vous m'aider à résoudre un problème où les rappels d'événements Google Calendar ne se déclenchent pas sur l'application de bureau malgré des paramètres corrects et une synchronisation avec le compte en ligne ?

Création de ce ticket à partir du ticket IT : https://acme.co/ithelp/tickets/12345

Problème : Google Calendar Reminders (Desktop Application)",Medium,Software,2024-10-28T18:47:41.746Z,user@acme.co
ef77jwe5j,Configuration des accès pour un nouvel employé : système de suivi du temps,"Veuillez aider à configurer l'accès au système de suivi du temps de l'entreprise pour le nouvel employé suivant. Assurez-vous que toutes les autorisations nécessaires sont accordées et fournissez les instructions pertinentes pour la première connexion. En cas de problème, veuillez coordonner avec les RH pour plus de détails. Nouvel employé : Alex Johnson E-mail : Alex.Johnson@acme.co Département : Marketing",Medium,Software,2024-10-28T18:47:41.721Z,it.support@acme.co
167dbg4x9,Problèmes d'ingestion dans le Data Lake,Problèmes persistants avec le data lake cloud d'entreprise où certains processus d'ingestion de données échouent de manière intermittente à se terminer. Nécessite une investigation détaillée et un ajustement manuel des configurations du pipeline d'ingestion. Une inspection potentielle de la connectivité des sources de données et de la logique de transformation est nécessaire.,High,Infrastructure,2024-10-28T18:47:41.431Z,user@acme.co
2evw3m55s,Alerte de sécurité sur le poste de travail : conflit logiciel,"Bonjour IT, je rencontre un problème lors de l'application de modifications de configuration de sécurité sur mon poste de travail. Malgré le suivi des directives « Securing Your Workstation », je suspecte un conflit logiciel empêchant les modifications. Pourriez-vous m'aider à investiguer et résoudre ce problème ? Merci d'avance, Alex Johnson",High,Security,2024-10-28T18:47:40.115Z,alex.johnson@acme.co
oerncz5ja,Demande de configuration d'un compte Zoom,"Bonjour Team, j'espère que ce message vous trouve en bonne forme ! J'ai besoin d'un compte Zoom pour des réunions clients à venir. Pourriez-vous m'aider avec la configuration ? Merci beaucoup ! -- Jamie Lannister | Sales Manager, Corporate Acme Co (https://acme.co/) • Connect With Me (https://acme.co/jamie-lannister/connect)",Medium,Account,2024-10-28T18:47:40.418Z,jamie.lannister@acme.co
inzyiujnw,Demande d'accès au stockage cloud DBox,"Bonjour IT Team, je crée ce ticket pour documenter la demande d'accès à l'intégration DBox Cloud Storage conformément au IT Ticket 30987 !",Medium,Software,2024-10-28T18:47:40.503Z,jane.doe@acme.co
mze54c612,Demande d'accès à Adobe Bridge,"Bonjour,

J'ai besoin d'accéder aux Adobe Bridge Asset Management Tools pour mon prochain projet. Quelqu'un de l'équipe IT pourrait-il m'aider avec cette demande ?

Merci ! 😊

--
Alex Johnson  |  Creative Designer |  He/Him

Acme Co (https://acme.co/)   •  Help Center (https://acme.co/help)   •  Submit a ticket (https://acme.co/support)",Medium,Software,2024-10-28T18:47:42.354Z,alex.johnson@acme.co
ol5ztau71,Problèmes intermittents de synchronisation des stocks,"Bonjour Team, je rencontre un petit problème avec notre plateforme e-commerce cloud. Il semble que les mises à jour des stocks de produits ne se reflètent pas de manière cohérente dans la boutique en ligne. Cela se produit de manière intermittente et cela cause pas mal de confusion. J'ai essayé d'ajuster manuellement les paramètres de synchronisation, mais cela ne semble pas être une solution permanente. Je me demande s'il pourrait y avoir un problème avec l'intégration de nos systèmes de gestion d'entrepôt. Pourriez-vous examiner cela pour moi ? C'est en train de devenir un vrai casse-tête et toute aide serait grandement appréciée. Faites-moi savoir s'il y a quoi que ce soit de spécifique dont vous avez besoin de ma part pour régler ce problème. Merci beaucoup ! Cordialement, Alex -- alex@acme.co",High,Software,2024-10-28T18:47:42.866Z,alex@acme.co
g9rq8iigx,Les transcriptions de chat de j.smith@acme.co ne sont pas sauvegardées,"La plateforme cloud d'entreprise de support client rencontre des problèmes où certaines transcriptions de chat échouent de manière intermittente à être sauvegardées. Cela nécessite une investigation détaillée et un ajustement manuel des paramètres de journalisation des chats, ainsi qu'une inspection potentielle des configurations de stockage côté serveur.",High,Software,2024-10-28T18:47:41.526Z,j.smith@acme.co
548a3pdct,Configuration de la sécurité du poste de travail,Bonjour ! Pourriez-vous fournir des instructions pour configurer les paramètres de verrouillage automatique de l'écran de mon poste de travail ?,Medium,Security,2024-10-28T18:47:53.375Z,user@acme.co
x293mxkp5,Alerte : Connexion Internet lente persistante sur le poste de travail - john.doe@acme.co (john.doe@acme.co),"Notification de Acme IT Support

Acme IT Support Image

Cette alerte de connexion Internet lente persistante a pour but de vous informer qu'un poste de travail spécifique rencontre des vitesses Internet lentes malgré la stabilité du réseau et des paramètres de configuration corrects.

Les détails de l'alerte sont les suivants :

Poste de travail : john.doe@acme.co (john.doe@acme.co)

Problème suspecté : Matériel ou câble

Date : Tue, Oct 10 2023 14:30 UTC

Une inspection physique est recommandée pour identifier les éventuels problèmes matériels ou de câblage. Veuillez planifier une visite avec l'équipe IT Support pour une assistance supplémentaire.

Accéder aux détails du support

Vous avez reçu cette mise à jour importante concernant votre réseau Acme car vous êtes le destinataire administrateur désigné pour ce type d'alerte. Vous pouvez désactiver ces alertes ou modifier les destinataires des e-mails dans la section Notifications de la Admin Console.

Acme Co 1234 Elm Street Springfield, IL 62701

-- 
Vous avez reçu ce message car vous êtes abonné au groupe Acme IT Support. Pour vous désabonner de ce groupe et ne plus recevoir d'e-mails de sa part, envoyez un e-mail à itsupport+unsubscribe@acme.co.",Medium,Network,2024-10-28T18:47:58.049Z,john.doe@acme.co
idj5hl4zv,Demande d'accès aux services GMail & GDrive,Accès aux services GMail & GDrive accordé.,Medium,Account,2024-10-28T18:47:53.376Z,johndoe@acme.co
0p6zcq186,Problème de gouvernance des données cloud en entreprise,"Bonjour l'équipe IT ! Je rencontre des problèmes persistants avec notre plateforme de gouvernance des données cloud en entreprise. Le suivi de la traçabilité des données échoue par intermittence à se mettre à jour, ce qui nécessite une investigation détaillée et un ajustement manuel des configurations de suivi de la traçabilité. Pourriez-vous également inspecter les paramètres d'intégration des sources de données ? Merci !",High,Software,2024-10-28T18:47:53.822Z,user123@acme.co
wgqkkqzfw,John Doe - Demande d'instructions pour la réinitialisation du mot de passe,"À l'attention de Acme IT, Une demande a été faite pour obtenir des instructions sur la réinitialisation d'un mot de passe oublié pour le portail de support client de l'entreprise. Veuillez examiner les informations ci-dessous et fournir les conseils nécessaires pour rétablir l'accès. Transaction : ""Password Reset Request: John Doe"" Request ID : 12345abcde67890fghij Date d'effet : 2024-09-15 Date et heure de finalisation : 2024-09-15T09:30:00.000-05:00 CST (Acme Server Time Zone) Date et heure de la correction la plus récente : 2024-09-15T10:00:00.000-05:00 CST (Acme Server Time Zone) Corrigé à partir de la date d'effet : 2024-09-15 Collaborateur : John Doe Type de collaborateur : EE E-mail : john.doe@acme.co Portail : Customer Support Portal --------------------------------------------------------------- Cet e-mail a été généré depuis Acme ""acme - PROD"" au nom de Acme HR. Veuillez NE PAS RÉPONDRE à cet e-mail.",Medium,Account,2024-10-28T18:47:55.872Z,john.doe@acme.co
027xltnl6,Accès au gestionnaire de tâches Asana,"Bonjour !

J'espère pouvoir obtenir l'accès au gestionnaire de tâches Asana. Jordan y a actuellement accès, et nous aimerions que j'y aie également accès afin de pouvoir gérer les tâches efficacement même si l'un de nous est absent du bureau.

Merci !",Medium,Software,2024-10-28T18:47:55.015Z,alex@acme.co
tywvbsemu,Configuration du logiciel antivirus,"Bonjour l'équipe ! Je me permets de vous contacter pour obtenir des conseils. (1) J'essaie de sécuriser mon poste de travail et j'ai besoin d'instructions pour configurer correctement les paramètres du logiciel antivirus. Pourriez-vous fournir un guide étape par étape ? (2) De plus, y a-t-il des paramètres spécifiques que vous recommandez d'activer pour une sécurité optimale ? Merci beaucoup ! -- Jamie Lee | IT Coordinator | they/them",Medium,Security,2024-10-28T18:47:54.273Z,jamie.lee@acme.co
xljo7q748,Assistance requise pour le dépannage d'une connexion Internet lente persistante sur un poste de travail spécifique,"Bonjour, je rencontre une connexion Internet lente persistante sur mon poste de travail. Malgré une configuration réseau correcte et une mise à jour récente du firmware du routeur, la vitesse reste instable. Je suspecte un problème avec la Network Interface Card nécessitant une inspection physique. Pourriez-vous m'aider à ce sujet ? Merci pour votre aide ! -- Alex Johnson | IT Support Specialist Acme Co.",High,Network,2024-10-28T18:47:54.196Z,alex.johnson@acme.co
0mgy5bnab,Problèmes de synchronisation des e-mails,"Bonjour,\n\nJe rencontre des problèmes persistants avec notre client de messagerie cloud en entreprise. Certains dossiers d'e-mails ne parviennent pas à se synchroniser de manière intermittente sur mes appareils. Cela nécessite une investigation détaillée et un ajustement manuel des paramètres de synchronisation. Pourriez-vous également inspecter les configurations de mappage des dossiers côté serveur ?\n\nMerci,",Medium,Software,2024-10-28T18:47:53.885Z,john.doe@acme.co
3iclill17,Instructions pour configurer l'accès VPN sur un nouvel ordinateur portable,Demande d'instructions détaillées pour configurer l'accès VPN afin d'assurer une connectivité à distance sécurisée sur un nouvel ordinateur portable personnel.,Medium,RemoteWork,2024-10-28T18:47:54.950Z,jane.doe@acme.co
rtnc7ys21,Problème de livraison des notifications : Enterprise Cloud App,"L'utilisateur suivant rencontre des échecs intermittents de livraison des notifications dans notre application cloud d'entreprise. Ajustements manuels nécessaires : 1. [Notification Settings](https://acme.co/notification-settings) 2. [External Messaging Integration](https://acme.co/messaging-integration) Vérifiez si l'intégration avec les services de messagerie externes fonctionne correctement. Si les problèmes persistent, veuillez escalader à [Tech Support](https://acme.co/support) avec les détails ci-dessous pour une investigation approfondie. Utilisateur : John Doe Email : john.doe@acme.co Application : Enterprise Cloud App",High,Software,2024-10-28T18:48:09.031Z,john.doe@acme.co
tbxt0zeiu,Demande d'instructions pour la configuration du bureau à distance,Demande d'instructions pour configurer l'accès au bureau à distance sur mon nouvel ordinateur de bureau personnel afin de pouvoir travailler efficacement depuis chez moi.,Medium,RemoteWork,2024-10-28T18:48:07.637Z,johndoe@acme.co
rwvi74u5m,Re: [Acme IT] Re: Ticket #12345 - Data Visualization Platform Issue,"Ceci est un suivi de votre demande précédente #12345 ""Data Visualization Platform Issue"" Bonjour à l'équipe IT, Il semble que je rencontre des problèmes persistants avec notre plateforme de visualisation de données cloud d'entreprise. Certains types de graphiques échouent de manière intermittente à s'afficher correctement, ce qui m'oblige à ajuster manuellement les paramètres de configuration des graphiques. Je pourrais également avoir besoin de vérifier la compatibilité des sources de données. J'ai parlé avec @Alex Johnson et @Jamie Lee dans l'équipe Data Analytics, et ils m'ont suggéré de vous contacter pour une investigation détaillée. Pouvez-vous m'aider ? Merci ! Jordan",High,Software,2024-10-28T18:48:09.776Z,jordan.smith@acme.co
w7lmyejab,Demande d'accès à Adobe Dreamweaver,"![](https://ca.slack-edge.com/T02T2CNL7-U02T78PKRKJ-91e0ff3b09b9-48)

**Alex Johnson ![:heads-down_1:](https://slack-imgs.com/?c=1&o1=gu&url=https%3A%2F%2Femoji.slack-edge.com%2FT02T2CNL7%2Fheads-down_1%2F803e5913ffc060cc.png)**  10:15 AM

Salut !! J'espère que vous pouvez m'aider. J'ai besoin d'accéder à Adobe Dreamweaver pour un projet de conception web, mais je ne le trouve pas dans mes applications. Comment puis-je le configurer ?

![](https://ca.slack-edge.com/T02T2CNL7-U02C17MBC6N-4a4fccc528c5-48)

**Jamie Lee**  10:20 AM

Salut Alex !

10:20

Comment c'est arrivé !! ![:sadblob:](https://emoji.slack-edge.com/T02T2CNL7/sadblob/50f1c82797fe7e9e.gif)

* * *
**Nouveau**

![](https://ca.slack-edge.com/T02T2CNL7-U02T78PKRKJ-91e0ff3b09b9-48)

**Alex Johnson ![:heads-down_1:](https://slack-imgs.com/?c=1&o1=gu&url=https%3A%2F%2Femoji.slack-edge.com%2FT02T2CNL7%2Fheads-down_1%2F803e5913ffc060cc.png)**  10:22 AM

J'sais pas !!!!! J'étais sûr qu'il était installé. J'ai vérifié l'application Creative Cloud et il n'y est pas.

![:eyes:](https://a.slack-edge.com/production-standard-emoji-assets/14.0/apple-small/1f440.png)**1**


![](https://ca.slack-edge.com/T02T2CNL7-U02C17MBC6N-4a4fccc528c5-48)

**Jamie Lee**  10:25 AM

Hmm, avez-vous essayé de vous connecter au portail Adobe sur [adobe.acme.co](https://adobe.acme.co) pour voir s'il est disponible au téléchargement ? (modifié)

![](https://ca.slack-edge.com/T02T2CNL7-U02T78PKRKJ-91e0ff3b09b9-48)

**Alex Johnson ![:heads-down_1:](https://slack-imgs.com/?c=1&o1=gu&url=https%3A%2F%2Femoji.slack-edge.com%2FT02T2CNL7%2Fheads-down_1%2F803e5913ffc060cc.png)**  10:27 AM

Oui, j'ai essayé mais il indique que je n'ai pas les bonnes permissions.

![](https://ca.slack-edge.com/T02T2CNL7-U02C17MBC6N-4a4fccc528c5-48)

**Jamie Lee**  10:30 AM

D'accord, laissez-moi vérifier les paramètres de votre compte pour voir si je peux vous accorder l'accès.

10:30

Patientez !

![](https://ca.slack-edge.com/T02T2CNL7-U02T78PKRKJ-91e0ff3b09b9-48)

**Alex Johnson ![:heads-down_1:](https://slack-imgs.com/?c=1&o1=gu&url=https%3A%2F%2Femoji.slack-edge.com%2FT02T2CNL7%2Fheads-down_1%2F803e5913ffc060cc.png)**  10:32 AM

Merci beaucoup !

10:32

J'ai vraiment besoin de commencer ce projet.

![:np:](https://emoji.slack-edge.com/T02T2CNL7/np/a6b77c0e7ffe8e18.gif)**1**


![](https://ca.slack-edge.com/T02T2CNL7-U02C17MBC6N-4a4fccc528c5-48)

**Jamie Lee**  10:35 AM

Vous devriez être prêt maintenant. Essayez d'y accéder à nouveau !

![](https://ca.slack-edge.com/T02T2CNL7-U02T78PKRKJ-91e0ff3b09b9-48)

**Alex Johnson ![:heads-down_1:](https://slack-imgs.com/?c=1&o1=gu&url=https%3A%2F%2Femoji.slack-edge.com%2FT02T2CNL7%2Fheads-down_1%2F803e5913ffc060cc.png)**  10:40 AM

Ça fonctionne ! Vous êtes un sauveur !

10:40

Merci infiniment !

![:np:](https://emoji.slack-edge.com/T02T2CNL7/np/a6b77c0e7ffe8e18.gif)**1**


![](https://ca.slack-edge.com/T02T2CNL7-U02C17MBC6N-4a4fccc528c5-48)

**Jamie Lee**  10:42 AM

![:turtle-dance:](https://emoji.slack-edge.com/T02T2CNL7/turtle-dance/8307b0166494dd05.gif)

10:42

Faites-moi savoir si vous avez besoin d'autre chose !",Medium,Software,2024-10-28T18:48:28.960Z,alex.johnson@acme.co
3v3h66jzs,Problèmes d'exécution des commandes vocales dans le système cloud,"Bonjour l'équipe ! J'ai des difficultés avec notre système de reconnaissance vocale cloud d'entreprise. Il semble que certaines commandes vocales échouent de manière intermittente à s'exécuter. J'ai essayé d'ajuster manuellement les paramètres de reconnaissance vocale, mais le problème persiste. Pourrait-il s'agir d'un problème avec les configurations d'entrée audio ? :thinking_face: Dois-je continuer à modifier les paramètres, ou y a-t-il une étape de dépannage spécifique que vous recommandez ? Je suis prêt à suivre toutes les instructions que vous pourriez avoir ! :slightly_smiling_face:",Medium,Software,2024-10-28T18:48:08.700Z,user@acme.co
pdpn89yda,Re: [Acme IT] Re: Ticket #40789 - Cloud File Sharing Access Issues,"Ceci est un suivi de votre demande précédente #40789 ""Cloud File Sharing Access Issues""

Bonjour,

Je souhaitais faire un suivi de cette demande car je rencontre actuellement des problèmes d'accès intermittents avec des liens partagés spécifiques sur notre plateforme de partage de fichiers cloud d'entreprise. Ces liens échouent parfois à accorder l'accès, et je dois ajuster manuellement les permissions des liens. Pourriez-vous approfondir l'investigation de ce problème et inspecter les journaux d'accès des utilisateurs ?

Merci,
Alex",High,Software,2024-10-28T18:48:08.927Z,alex.jordan@acme.co
tpbssbebq,Problèmes avec l'outil de migration de données cloud,"Bonjour, je rencontre des problèmes persistants avec notre outil de migration de données cloud d'entreprise. Des ensembles de données spécifiques échouent de manière intermittente à être transférés entre nos systèmes legacy et nouveaux. Cela nécessite une investigation détaillée et un ajustement manuel des paramètres de migration. Pourriez-vous inspecter la logique de mapping et de transformation des données pour résoudre ce problème ?",High,Software,2024-10-28T18:48:07.781Z,jane.doe@acme.co
lsi4237i5,"Bonjour, pouvez-vous m'aider à connecter un troisième moniteur ?","Bonjour, pouvez-vous m'aider à connecter un troisième moniteur à ma configuration double écran ?",Medium,Hardware,2024-10-28T18:48:07.731Z,user@acme.co
j5g3oz1hd,Assistance requise pour la configuration d'un setup multi-moniteurs,"Bonjour IT,

J'ai du mal à étendre mon affichage sur tous les moniteurs malgré des connexions et des paramètres d'affichage corrects. Je soupçonne qu'il pourrait y avoir un problème avec la carte graphique ou les câbles qui pourraient nécessiter une inspection physique. Quelqu'un pourrait-il m'aider avec cette configuration ?

Faites-moi savoir si vous avez besoin de plus de détails.

Merci,
Alex",Medium,Hardware,2024-10-28T18:48:09.842Z,alex.jones@acme.co
j56jjq9az,Problèmes de génération de rapports personnalisés dans le CRM,"Bonjour ! J'espère que vous allez bien. Je rencontre des problèmes persistants avec notre système CRM cloud d'entreprise où des rapports personnalisés spécifiques échouent de manière intermittente à se générer. Cela nécessite une investigation détaillée et un ajustement manuel des configurations des rapports. Pourriez-vous examiner cela et également inspecter les paramètres d'intégration des sources de données ? Merci ! -- Alex Johnson | Analyste Senior, Customer Insights",High,Software,2024-10-28T18:48:08.569Z,alex.johnson@acme.co
um3gy94fw,"Bonjour, je rencontre des problèmes avec les signatures email qui ne s'affichent pas correctement dans notre client email cloud. Veuillez m'aider.","Bonjour @ITSupport, je rencontre des problèmes persistants avec notre client email cloud d'entreprise où des signatures email spécifiques n'arrivent pas à s'afficher correctement de manière intermittente. Cela m'oblige à ajuster manuellement les paramètres de signature à chaque fois. Pourriez-vous examiner ce problème en détail ? Il pourrait également être utile d'inspecter le formatage des emails et la compatibilité du client. Merci !",Medium,Software,2024-10-28T18:48:43.310Z,user@acme.co
5nnb0ihf1,Configuration des réponses d'absence du bureau sur mobile,"IT support, Pourriez-vous fournir des instructions sur la façon de configurer les paramètres du compte email pour activer les réponses automatiques d'absence du bureau sur un appareil mobile ? Je dois m'assurer que mes emails sont correctement gérés pendant mon absence. Merci, Alex Johnson | IT Manager Acme.co | Innovate with us (https://acme.co/careers) !",Medium,Software,2024-10-28T18:48:42.510Z,alex.johnson@acme.co
5pxtxnpck,Assistance requise pour le dépannage d'une connexion Internet lente persistante sur un poste de travail spécifique,"L'utilisateur signale une vitesse incohérente malgré une configuration réseau correcte et une mise à jour récente du firmware du routeur. Un problème de carte d'interface réseau est suspecté, nécessitant une inspection manuelle et un remplacement.",High,Network,2024-10-28T18:48:42.776Z,john.doe@acme.co
hwlxnzm19,Enquêter sur les problèmes de partitionnement de données dans l'entrepôt Cloud,"Bonjour IT, Pouvons-nous examiner les problèmes persistants avec notre entrepôt de données cloud d'entreprise ? Des stratégies spécifiques de partitionnement de données échouent de manière intermittente à optimiser les performances des requêtes. Cela nécessite une enquête détaillée et éventuellement un ajustement manuel des configurations de partitionnement. Nous pourrions également avoir besoin d'inspecter les modèles de distribution des données. Faites-moi savoir quand nous pouvons en discuter davantage. Merci, Alex",High,Software,2024-10-28T18:48:43.271Z,alex@acme.co
q4q9wz2h0,Alerte : Problèmes d'interface utilisateur persistants dans l'application Cloud - j.doe@acme.co,"Notification de Acme Cloud Services

Acme Cloud Services Image

Cette alerte de problèmes d'interface utilisateur persistants est pour vous informer que des éléments spécifiques de l'interface utilisateur dans l'application cloud d'entreprise ne répondent pas aux entrées de manière intermittente, nécessitant une enquête détaillée.

Les détails de l'alerte incluent :

Utilisateur : j.doe@acme.co

Par : Jane Doe User (jane.doe@acme.co)

Date : Mon, Oct 16 2023 10:00 UTC

Alert Center n'est pas activé pour ce problème. Alert Center peut fournir des détails supplémentaires, des options d'enquête et des recommandations de remédiation. Pour l'activer, activez les alertes dans la page de détails du problème.

Accéder aux détails du problème

Vous avez reçu cette mise à jour importante concernant votre compte Acme Cloud Services car vous êtes le destinataire administrateur désigné pour ce type d'alerte. Vous pouvez désactiver ces alertes ou modifier les destinataires des emails dans la section Règles de la Admin Console.

Acme Co 1234 Elm Street Anytown, USA

-- 
Vous avez reçu ce message car vous êtes abonné au groupe Acme Groups ""IT Support"". Pour vous désabonner de ce groupe et ne plus recevoir d'emails, envoyez un email à itsupport+unsubscribe@acme.co.",High,Software,2024-10-28T18:48:45.135Z,j.doe@acme.co
j6q9lbv3a,Problème de paire de langues dans le système de traduction,Bonjour ! Nous rencontrons des problèmes persistants avec notre système de traduction de documents cloud d'entreprise. Des paires de langues spécifiques échouent de manière intermittente à traduire avec précision. Pourriez-vous enquêter et ajuster les paramètres du moteur de traduction ? Une inspection détaillée des configurations du modèle de langue pourrait être nécessaire. Merci !,High,Software,2024-10-28T18:48:42.199Z,alyssa@acme.co
z665wl7vr,Urgent : Enquête requise pour les échecs de chiffrement des sauvegardes,"À l'attention de Acme IT,

Nous avons identifié des problèmes persistants avec notre système de sauvegarde de données cloud d'entreprise. Des tâches de sauvegarde spécifiques échouent de manière intermittente à chiffrer les données, nécessitant une enquête détaillée. Des ajustements manuels des paramètres de chiffrement ont été nécessaires, et il pourrait être nécessaire d'inspecter les configurations du logiciel de sauvegarde.

Transaction : ""Backup Job Failure: Encryption Error""
Backup System ID : 7f3a9b2c5d8e10012ef209d5b9cd0000
Date de l'incident : 2024-08-15
Heure de l'occurrence : 2024-08-15T14:22:45.123-07:00 PST (Fuseau horaire du serveur)

Système concerné : Enterprise Cloud Backup
Département : IT Infrastructure
Email du contact principal : it.support@acme.co

---------------------------------------------------------------
Cet email a été généré par le Acme Backup Monitoring System au nom de Acme IT. Veuillez NE PAS RÉPONDRE à cet email.",High,Software,2024-10-28T18:48:45.275Z,it.support@acme.co
j2sw9f8lj,Re: [AUTOMATED EMAIL - DO NOT REPLY] Révision manuelle requise pour un email de phishing,"Bonjour à tous, Un email de phishing a échappé à nos filtres automatisés et a été marqué comme sûr, mais il contient des liens suspects. Quelqu'un pourrait-il le réviser manuellement et l'escalader ? Merci, Alex Le Mon, Oct 16, 2023 à 10:15 AM Chris Johnson <chris.johnson@acme.co> a écrit : Important : Veuillez NE PAS répondre à ce message ; cette boîte de réception n'est pas surveillée. Bonjour Acme Co, Veuillez examiner l'email joint et enquêter sur les liens suspects. Si vous avez des questions ou des problèmes, veuillez répondre directement à la chaîne d'emails actuelle avec votre coordinateur IT Security, Jamie Lee. Cordialement, -- Chris Johnson IT Support Specialist chris.johnson@acme.co New York, NY 10001 www.acme.co CONFIDENTIEL : les informations contenues dans cet e-mail ou toute pièce jointe sont soumises à des protections de confidentialité et constituent des informations privées destinées uniquement à l'usage de la personne ou de l'entité nommée ci-dessus. Si le lecteur de ce message n'est pas le destinataire prévu, vous êtes par la présente informé que toute diffusion, distribution ou copie de cette communication est interdite. Si vous avez reçu cette communication par erreur, veuillez nous en informer immédiatement par téléphone au 212-555-0199 ou par e-mail et supprimer ou jeter le message. -- Alex Turner | IT Analyst acme.co I alex.turner@acme.co 212.555.0187 Découvrez nos dernières mises à jour ! (https://acme.co/blog/category/updates)",High,Security,2024-10-28T18:48:45.672Z,alex.turner@acme.co
ajpxpgk3x,Assistance requise pour la configuration de l'authentification multi-facteurs,<@UV4MZS0AZ> J'ai des difficultés à configurer l'authentification multi-facteurs. Il semble y avoir un désalignement entre nos politiques de sécurité d'entreprise et l'application d'authentification tierce. J'ai besoin d'aide pour un ajustement manuel des politiques et de conseils pour finaliser la configuration.,High,Security,2024-10-28T18:48:43.024Z,user@acme.co
sm1ul7d6s,Demande d'accès aux fonctionnalités GMeet & GChat,"Bonjour à tous, Nous cherchons à activer les fonctionnalités GMeet et GChat pour les membres de notre équipe qui ne peuvent actuellement pas accéder à ces outils. Pourriez-vous nous aider à accorder les permissions nécessaires ou nous guider sur la marche à suivre ? Votre aide pour résoudre ce problème serait grandement appréciée. Merci, Alex Johnson | IT Coordinator Acme Co (https://acme.co/) • New York",Medium,Software,2024-10-28T18:48:45.236Z,a.johnson@acme.co
fnh4tztn8,Dépannage de l'accès Intranet,"Bonjour à tous, j'ai des difficultés à accéder à certaines ressources internes sur notre intranet. Il semble qu'il pourrait y avoir des problèmes de compatibilité avec le navigateur, même si ma configuration réseau et mes permissions sont correctes. Pourriez-vous m'aider à résoudre ce problème ? Merci, Alex",Medium,Network,2024-10-28T18:48:57.672Z,alex@acme.co
e1eyevqyf,Pouvez-vous m'aider ?,"Bonjour à tous, j'ai remarqué que le T-Card Task Board est restreint. J'espère que vous pourrez m'aider. J'ai besoin d'un accès pour gérer mes tâches efficacement. Est-ce que l'IT peut faire quelque chose pour m'accorder l'accès au T-Card Task Board ? J'espère que l'entreprise pourra répondre à cette demande pour m'aider à mieux faire mon travail. Merci -- Alex Johnson Project Management Prendre rendez-vous avec moi (https://acme.co/alex-johnson/intro-call) 123-456-7890 Acme (https://acme.co/) Linkedin (https://www.linkedin.com/in/alex-johnson/)",Medium,Account,2024-10-28T18:48:55.571Z,alex.johnson@acme.co
2hzahu320,Besoin d'aide pour le tri des e-mails sur mobile,"Bonjour à tous, j'essaie de configurer les paramètres de mon compte e-mail pour trier automatiquement les e-mails dans des dossiers sur mon appareil mobile, mais je rencontre quelques difficultés. Pourriez-vous me fournir des instructions pour mettre cela en place ? J'ai besoin que cela soit résolu car je suis souvent en déplacement et cela m'aiderait vraiment à rester organisé. Merci ! Alex -- Alex Johnson | Marketing Specialist Acme Co (https://acme.co/) • New York, NY",Medium,Software,2024-10-28T18:48:55.142Z,alex.johnson@acme.co
vl5kq4zjf,Demande d'accès au lecteur réseau partagé,"Bonjour,

Je viens d'acquérir un nouvel ordinateur de bureau personnel et j'ai besoin d'instructions pour accéder au lecteur réseau partagé depuis celui-ci.

Merci,

Alex",Medium,Network,2024-10-28T18:48:57.556Z,alex@acme.co
pqbmfi7sl,Demande d'accès : Service de synchronisation de fichiers DBox,"Notification des services IT Acme

Image du service de synchronisation de fichiers Acme

Cette alerte de demande d'accès vous informe qu'une demande d'accès au service de synchronisation de fichiers DBox a été effectuée sur votre domaine.

Les détails de la demande sont les suivants :

Utilisateur : john.doe@acme.co

Demandé par : Service Account (it-service@acme.co)

Date : Tue, Oct 10 2023 10:00 UTC

Access Center n'est pas activé pour cette demande. Access Center peut fournir des détails supplémentaires, des options d'investigation et des recommandations d'approbation. Pour l'activer, veuillez activer les demandes d'accès dans la page de détail du service.

Accéder aux détails du service

Vous avez reçu cette mise à jour importante concernant votre compte de service de synchronisation de fichiers Acme car vous êtes le destinataire administrateur désigné pour ce type de demande. Vous pouvez désactiver ces alertes ou modifier les destinataires des e-mails dans la section Accès de la Admin Console.

Acme Corporation 123 Innovation Drive Tech City, TX 75001

-- 
Vous recevez ce message car vous êtes abonné au groupe Acme Groups ""IT Support"". Pour vous désabonner de ce groupe et ne plus recevoir d'e-mails de sa part, envoyez un e-mail à itsupport+unsubscribe@acme.co.",Medium,Account,2024-10-28T18:49:04.484Z,john.doe@acme.co
z16jjqxrc,Fwd: Problèmes d'accès aux machines virtuelles pour les nouveaux employés,"Bonjour IT ! Avez-vous des informations à ce sujet ? Je ne sais pas si c'est notre problème ou le leur ? ---------- Message transféré --------- De : Alex Johnson <alex.johnson@acme.co> Date : Mon, Oct 16, 2023 à 9:15 AM Objet : Re: Problèmes d'accès aux machines virtuelles pour les nouveaux employés À : Jamie Lee <jamie.lee@acme.co> Bonjour Jamie, Je voulais juste vous signaler que virtual.machines@acme.co ne permet pas l'accès malgré le respect des directives du ""New Hire 101 FAQ"" et l'utilisation des identifiants corrects. J'essayais de me connecter aux machines virtuelles spécifiques au département comme indiqué, mais il semble qu'il y ait un blocage. Je voulais juste signaler ce point. Merci d'avance. Alex Le Fri, Oct 13, 2023 à 3:45 PM Jamie Lee <jamie.lee@acme.co> a écrit : Bonjour à tous ! Votre date de début est proche et nous sommes sûrs que vous avez beaucoup de questions sur votre premier jour ! Si vous ne l'avez pas encore reçu, notre département IT vous enverra les instructions de connexion et vos identifiants avant votre date de début (généralement avant le dimanche). Quelques attentes et rappels : * Le premier jour, vous devrez vous connecter à votre ordinateur avant 8h00 heure locale pour vous installer avant le début de l'orientation. Suivez les instructions que l'IT vous enverra par e-mail concernant les instructions de connexion et les identifiants. Si vous n'avez pas reçu votre ordinateur portable avant lundi, pas de souci ! Vous pouvez faire tout cela sur votre appareil personnel en attendant. * Votre première semaine comprendra des sessions en direct via Zoom. Le lien Zoom pour toutes les sessions se trouve directement sur votre calendrier. Une fois nos présentations terminées, il vous sera demandé de compléter notre parcours d'apprentissage en ligne auto-guidé pour les nouveaux employés via Lessonly. Vous le trouverez dans vos cours inscrits sur votre page d'accueil. * Beaucoup d'entre vous ont déjà reçu leur ordinateur portable (SUPER !). Si vous n'avez pas encore reçu votre ordinateur portable, vous devriez le recevoir via la livraison de nuit FedEx avant votre date de début. En cas de retard FedEx pour quelque raison que ce soit, vous pourrez tout de même accéder à la session Zoom, ainsi qu'à votre alias e-mail Acme, pendant l'orientation via votre appareil personnel. * Vous serez ajouté à tous les événements d'intégration de la semaine 1 le dimanche ou le lundi matin avant votre date de début. En raison du calendrier de vos identifiants OKTA et des préoccupations de sécurité, nous sommes limités dans l'ajout de ces éléments avant l'activation de OKTA. * Nous aborderons tous les détails de vos avantages et allocations durant la semaine 1. Veuillez NE PAS acheter de fournitures de bureau ou d'équipements pour le bureau à domicile avant d'avoir reçu vos informations sur les allocations. Acme ne vous remboursera pas ces dépenses. * Commandez votre kit de bienvenue pour les nouveaux employés !! 1. Visitez notre boutique (https://stores.kotisdesign.com/acmestarterkit) . 2. Veuillez indiquer si vous souhaitez un kit en taille unisexe OU en taille ajustée (limite d'UN kit par nouveau employé) 3. Choisissez votre taille de t-shirt dans le menu déroulant et entrez l'adresse de livraison souhaitée pour recevoir votre Acme Starter kit 4. Veuillez sélectionner UPS NDA Saver lors du paiement ! Une fois votre commande approuvée par notre équipe, elle sera en route ! Veuillez ne pas partager ce site web avec qui que ce soit, y compris votre responsable. Nous sommes très enthousiastes à l'idée de vous accueillir et avons hâte de vous rencontrer ! Si vous avez des questions ou des préoccupations, n'hésitez pas à nous contacter à onboarding@acme.co. Merci et bienvenue chez Acme ! À bientôt le Jour 1 ! -- 👋 Wifi High Five ! Jamie Lee | Senior Onboarding Program Manager Acme (http://www.acme.co) ● New York, NY ● She/Her/Hers -- 👋 Wifi High Five ! Jamie Lee | Senior Onboarding Program Manager Acme (http://www.acme.co) ● New York, NY ● She/Her/Hers",High,Software,2024-10-28T18:49:16.908Z,alex.johnson@acme.co
cg845s4tj,Problème de flux de travail dans l'application Cloud,Les rôles utilisateurs dans notre application cloud d'entreprise échouent de manière intermittente à déclencher les automatisations de flux de travail. Une investigation détaillée et un ajustement manuel des configurations basées sur les rôles sont nécessaires. Une inspection des intégrations de systèmes externes pourrait également être requise.,High,Software,2024-10-28T18:48:54.701Z,user@acme.co
77ypvrh8i,Configuration de l'accès SFTP pour un nouvel employé,"Bonjour à tous, nous avons rencontré un problème lors de la configuration de l'accès SFTP pour notre nouveau collaborateur, Jamie Lannister. Malgré le respect des directives du ""New Hire 101 FAQ"" et la vérification des identifiants corrects, Jamie ne parvient pas à s'authentifier. Nous créons cette demande pour résoudre le problème d'authentification et garantir que l'accès soit accordé dans les plus brefs délais.",High,Account,2024-10-28T18:48:58.092Z,jamie.lannister@acme.co
gxmz0sfiz,Instructions pour l'archivage des e-mails sur mobile,"Bonjour à l'équipe IT,

J'espère que ce message vous trouve en bonne forme. Je vous contacte pour demander de l'aide dans la configuration des paramètres de compte e-mail afin d'activer l'archivage automatique des e-mails sur mon appareil mobile. Veuillez trouver des informations supplémentaires ci-dessous :
 * Appareil : iPhone 12
 * Système d'exploitation : iOS 15.4
 * Client e-mail : Outlook Mobile
 * Compte e-mail : john.doe@acme.co

Pour référence, veuillez consulter le guide utilisateur ici [https://support.acme.co/mobile-email-setup].
Prochaines étapes
 * Fournir des instructions étape par étape pour configurer l'archivage automatique des e-mails.
 * Confirmer si des applications ou permissions supplémentaires sont requises.

Merci,
John Doe",Medium,Software,2024-10-28T18:48:59.634Z,john.doe@acme.co
6ugmt5za4,Demande d'accès aux modèles de projets Asana,"Veuillez accorder l'accès à @Alex Johnson pour les modèles de projets Asana suivants : Marketing Campaigns, Product Launch et Team Meetings. Assurez-vous que les permissions permettent la modification et la duplication des modèles.",Medium,Software,2024-10-28T18:48:58.001Z,alex.johnson@acme.co
nxbv33gdq,Demande d'instructions pour la configuration de l'authentification multi-facteurs,J'ai besoin d'instructions pour configurer l'authentification multi-facteurs afin d'accéder à la base de connaissances interne de l'entreprise. Veuillez me guider tout au long du processus.,Medium,Security,2024-10-28T18:49:26.418Z,john.doe@acme.co
f5evy0b7x,Configuration du filtrage des e-mails sur mobile,"Bonjour à l'équipe IT, je vous contacte pour obtenir des conseils sur la configuration du filtrage automatique des e-mails sur mon appareil mobile. Pourriez-vous fournir des instructions étape par étape ? Merci !",Medium,Software,2024-10-28T18:49:26.138Z,jane.doe@acme.co
drx3va167,Piste d'audit pour la demande Productiv AppCenter concernant Adobe Dimension 3D Design Tools,"Détails de la piste d'audit.

Détails de la demande :
	E-mail du demandeur : j.doe@acme.co
	Nom du demandeur : John Doe
	Département du demandeur : Design
	Application demandée : Adobe Dimension 3D Design Tools
	Licence demandée : Full Access
	Demande soumise le : 2024-10-12T09:45:00-07:00
	Note de la demande : Prêt à créer de superbes visuels 3D ! :)

Détails de l'exécution :
	Canal d'exécution : okta
	Exécuté le : 2024-10-12T09:46:30-07:00",Medium,Software,2024-10-28T18:49:28.852Z,j.doe@acme.co
3ykbouism,Problème intermittent de verrouillage de fichiers dans le système de gestion documentaire,"Bonjour à l'équipe IT, je rencontre des problèmes persistants avec notre système de gestion documentaire d'entreprise basé sur le cloud. La fonctionnalité d'archivage/extraction de documents échoue par intermittence à verrouiller les fichiers, ce qui entraîne une certaine confusion et des problèmes potentiels d'intégrité des données. Pourriez-vous examiner ce problème et éventuellement ajuster les paramètres de verrouillage des fichiers ? Il pourrait également être utile d'inspecter les journaux d'accès utilisateur pour vérifier s'il y a quelque chose d'inhabituel. Merci, Alex",High,Software,2024-10-28T18:49:27.932Z,alex.jordan@acme.co
lnr0ggbo4,Alerte : Échec d'exécution de workflow - Plateforme Cloud d'entreprise,"Notification de Acme Cloud Services

Image de la plateforme Acme Cloud

Cette alerte d'échec d'exécution de workflow a pour but de vous informer que des workflows de transformation de données spécifiques ont échoué par intermittence en raison de discordances suspectées dans des schémas de données complexes.

Les détails de l'alerte sont les suivants :

Workflow : Data Transformation Workflow #42

Par : Service Account (it-service@acme.co)

Date : Wed, Nov 15 2023 14:30 UTC

Alert Center n'est pas activé pour cette règle. Alert Center peut fournir des détails supplémentaires, des options d'investigation et des recommandations de remédiation. Pour l'activer, activez les alertes dans la page de détail de la règle.

Accéder aux détails de la règle

Vous avez reçu cette mise à jour importante concernant votre compte Acme Cloud Platform car vous êtes le destinataire administrateur désigné pour ce type d'alerte. Vous pouvez désactiver ces alertes ou modifier les destinataires des e-mails dans la section Rules de la Admin Console.

Acme LLC 123 Innovation Drive Tech City, TC 12345

-- 
Vous avez reçu ce message car vous êtes abonné au groupe Acme Groups ""Cloud Operations"". Pour vous désabonner de ce groupe et ne plus recevoir d'e-mails de sa part, envoyez un e-mail à cloudops+unsubscribe@acme.co.",High,Software,2024-10-28T18:49:30.303Z,j.doe@acme.co
na1j5af77,Création d'un nouveau Google Calendar pour les échéances de l'équipe,"Bonjour à l'équipe IT, j'espère que ce message vous trouve en bonne forme. Je vous contacte pour demander de l'aide dans la création d'un nouveau Google Calendar dédié au suivi des échéances de projet de notre équipe. Pourriez-vous fournir des instructions détaillées sur la façon de créer et de partager ce calendrier avec l'équipe ? Nous souhaitons avoir cela prêt d'ici la fin de la semaine afin de nous assurer que tout le monde est aligné sur les prochaines échéances. S'il y a des autorisations ou des paramètres spécifiques dont nous devons être conscients, veuillez les inclure également. Faites-moi savoir s'il y a quoi que ce soit d'autre dont vous avez besoin de ma part. Merci pour votre soutien ! -- Alex | Coordinateur de projet Acme Co.",Medium,Software,2024-10-28T18:49:28.491Z,alex.project@acme.co
fzuhv1t3r,Échecs d'authentification intermittents dans une application cloud,"Bonjour à l'équipe IT, je rencontre des problèmes persistants avec notre application d'entreprise basée sur le cloud. Plus précisément, mes tentatives d'authentification échouent par intermittence, et je soupçonne que cela pourrait être dû à des erreurs complexes de gestion de session. Cela nécessite une investigation détaillée et éventuellement un ajustement manuel des configurations de gestion de session. Pourriez-vous également inspecter le stockage de session côté serveur ? Merci !",High,Software,2024-10-28T18:49:27.420Z,user@acme.co
ivnmhhmir,Demande d'accès à T-List Task Organizer,"Bonjour à l'équipe, pourriez-vous m'accorder l'accès à T-List Task Organizer ? J'ai besoin de cet accès pour gérer efficacement mes tâches en vue des prochaines échéances du projet. Merci ! Jane",Medium,Software,2024-10-28T18:49:26.267Z,jane.doe@acme.co
rt1ynhnzn,Limite de taux API dépassée dans une application cloud,"Problèmes persistants avec les limites de taux API dépassées par intermittence dans notre application d'entreprise basée sur le cloud, nécessitant une investigation détaillée et un ajustement manuel des schémas d'utilisation de l'API.",High,Software,2024-10-28T18:49:26.452Z,alex.jordan@acme.co
2ny2y222d,Problème de rendu de couche de données géospatiales,"Un utilisateur rencontre des problèmes persistants avec une plateforme de visualisation de données d'entreprise basée sur le cloud, où des couches de données géospatiales spécifiques échouent par intermittence à s'afficher, nécessitant une investigation détaillée et un ajustement manuel des configurations de données géospatiales ainsi qu'une inspection potentielle des paramètres de rendu cartographique.",High,Software,2024-10-28T18:49:26.847Z,user@acme.co
rfg2pqwqg,Problème de journaux de connexion à l'application Cloud,Nous rencontrons des problèmes avec notre application cloud d'entreprise. Les journaux d'accès utilisateur ne parviennent pas de manière intermittente à capturer les tentatives de connexion. Une investigation détaillée et un ajustement manuel des configurations de journalisation sont nécessaires. Veuillez inspecter les flux de traitement des journaux côté serveur.,High,Software,2024-10-28T18:49:38.764Z,jane.doe@acme.co
yyw9bykny,Demande d'accès pour l'intégration du compte DBox Business,Détails de la demande d'accès.,Medium,Account,2024-10-28T18:49:38.310Z,alex.smith@acme.co
lcpmj7oqa,Problèmes d'affichage persistants avec l'application Cloud,"Bonjour à l'équipe IT, je rencontre des problèmes persistants avec notre application cloud d'entreprise. Certains éléments de l'interface utilisateur ne s'affichent pas correctement de manière intermittente sur mon moniteur haute résolution. Cela m'oblige à ajuster manuellement les paramètres d'affichage fréquemment. Pourriez-vous enquêter sur ce problème et vérifier la compatibilité de l'application avec la mise à l'échelle high-DPI ? Merci !",High,Software,2024-10-28T18:49:39.310Z,user123@acme.co
80pfxnoo5,Accès à la fonctionnalité de planification des tâches Asana,"Je n'arrive pas à accéder à la fonctionnalité de planification des tâches dans Asana. Puis-je obtenir l'accès à cette fonctionnalité, s'il vous plaît ?",Medium,Software,2024-10-28T18:49:38.694Z,jane.doe@acme.co
il7fw6is3,Instructions pour résoudre les problèmes de déconnexion VPN sur un ordinateur portable d'entreprise,Assistance nécessaire pour le dépannage des déconnexions fréquentes du VPN.,Medium,Network,2024-10-28T18:49:38.320Z,j.doe@acme.co
qt28t6s42,Problèmes persistants avec la plateforme d'intégration de données Cloud,Défaillance intermittente du traitement des flux de données en temps réel.,High,Software,2024-10-28T18:49:38.437Z,alex.jordan@acme.co
asvwgq9db,Demande d'accès pour l'intégration de MS Teams et OneDrive,"Bonjour à l'équipe IT ! Je souhaite intégrer MS Teams avec OneDrive pour un partage de fichiers et une collaboration fluides. Cependant, je ne semble pas disposer des autorisations nécessaires pour configurer l'intégration. Pourriez-vous m'aider à obtenir les accès requis ou me guider dans le processus ? Merci !",Medium,Software,2024-10-28T18:49:39.330Z,jane.doe@acme.co
cg6f0mvu7,Instructions pour configurer l'accès au bureau à distance,"Bonjour à tous, Acme IT a préparé un guide pour configurer l'accès au bureau à distance sur votre nouvel ordinateur portable personnel. Pour commencer, veuillez visiter http://acme.co/remote-setup et suivre les instructions étape par étape fournies. Si vous rencontrez des problèmes ou avez des questions, n'hésitez pas à contacter IT@acme.co. Merci ! -Acme IT",Medium,RemoteWork,2024-10-28T18:49:39.624Z,john.doe@acme.co
bx6f5u44n,Assistance requise pour le dépannage de l'imprimante de bureau,Notre imprimante de bureau connaît des bourrages papier fréquents malgré le respect des procédures correctes de chargement du papier et de maintenance. Nous avons besoin d'assistance pour dépanner et résoudre ce problème afin d'assurer le bon fonctionnement des opérations d'impression.,Medium,Hardware,2024-10-28T18:49:38.688Z,jane.doe@acme.co
y6o0npjtn,Demande d'accès aux outils GSheets & GSlides,Demande d'accès aux outils GSheets & GSlides.,Medium,Software,2024-10-28T18:49:38.469Z,jane.doe@acme.co
o2113n3ic,Alerte : Échec intermittent de l'enregistrement des paramètres du profil utilisateur - Alex Johnson (alex.j@acme.co),"Notification de Acme Cloud Services

Acme Cloud Services Image

Cette alerte concernant les paramètres du profil utilisateur a pour but de vous informer qu'un utilisateur rencontre des problèmes persistants avec l'enregistrement intermittent de ses paramètres de profil.

Les détails de l'alerte sont les suivants :

Utilisateur : Alex Johnson (alex.j@acme.co)

Par : System Admin (sysadmin@acme.co)

Date : Lun, 16 Oct 2023 14:00 UTC

Alert Center n'est pas activé pour cette règle. Alert Center peut fournir des détails supplémentaires, des options d'investigation et des recommandations de remédiation. Pour l'activer, activez les alertes dans la page de détails de la règle.

Accéder aux détails de la règle

Vous avez reçu cette mise à jour importante concernant votre compte Acme Cloud Services car vous êtes le destinataire administrateur désigné pour ce type d'alerte. Vous pouvez désactiver ces alertes ou modifier les destinataires des e-mails dans la section Règles de l'Admin Console.

Acme Co 1234 Elm Street Springfield, IL 62701

-- 
Vous avez reçu ce message car vous êtes abonné au groupe Acme Groups ""IT Support"". Pour vous désabonner de ce groupe et ne plus recevoir d'e-mails de celui-ci, envoyez un e-mail à itsupport+unsubscribe@acme.co.",High,Software,2024-10-28T18:50:14.898Z,alex.j@acme.co
kirve7rlg,Investigation et escalade nécessaires concernant un e-mail de phishing,"Bonjour IT Superstars, Nous avons détecté un e-mail de phishing qui a contourné nos filtres anti-spam et s'est retrouvé dans la boîte de réception d'un utilisateur. Pourriez-vous nous aider à investiguer ce problème et l'escalader pour une révision manuelle ? Votre expertise dans la gestion de ce type de situation est grandement appréciée. Cordialement, Alex",High,Security,2024-10-28T18:50:10.204Z,alex.jones@acme.co
cruere8ts,Alerte : Échec d'exportation - Enterprise Cloud App (user@acme.co),"Notification de Acme Cloud Services

Acme Cloud Services Image

Cette alerte d'échec d'exportation a pour but de vous informer qu'un utilisateur rencontre des problèmes persistants lors de l'exportation de rapports au format PDF dans votre application cloud d'entreprise.

Les détails de l'alerte sont les suivants :

Utilisateur : user@acme.co (user@acme.co)

Problème : Échec intermittent de l'exportation des rapports générés par les utilisateurs au format PDF

Date : Mer, 15 Nov 2023 14:30 UTC

Une investigation détaillée et un ajustement manuel des paramètres d'exportation peuvent être nécessaires. De plus, une inspection des workflows de traitement côté serveur est recommandée pour identifier les causes potentielles.

Accéder aux paramètres d'exportation

Vous avez reçu cette mise à jour importante concernant votre compte Acme Cloud Services car vous êtes le destinataire administrateur désigné pour ce type d'alerte. Vous pouvez désactiver ces alertes ou modifier les destinataires des e-mails dans la section Notifications de l'Admin Console.

Acme LLC 123 Innovation Drive Tech City, TC 12345

-- 
Vous avez reçu ce message car vous êtes abonné au groupe Acme Groups ""Cloud Support"". Pour vous désabonner de ce groupe et ne plus recevoir d'e-mails de celui-ci, envoyez un e-mail à cloudsupport+unsubscribe@acme.co.",High,Software,2024-10-28T18:50:14.727Z,user@acme.co
dbq0oz6bu,Rép : Problème d'accès : Synchronisation de l'application cloud,"Confirmation que les paramètres de synchronisation ont été ajustés manuellement et fonctionnent désormais correctement. Merci,


Le Lun, 16 Oct 2023 à 10:15 AM Acme IT Support <IT@acme.co> a écrit :

Bonjour à tous,

Alex Johnson rencontre des problèmes persistants avec ses autorisations d'accès dans l'application cloud d'entreprise. Les autorisations échouent de manière intermittente à se synchroniser avec le fournisseur d'identité externe, provoquant des perturbations. Une investigation détaillée et un ajustement manuel des paramètres de synchronisation sont nécessaires. De plus, une révision des configurations d'intégration du fournisseur d'identité pourrait être nécessaire.

Pour résoudre ce problème, veuillez vous assurer que les paramètres de synchronisation sont ajustés manuellement et confirmer que les configurations d'intégration sont correctes. Si vous avez besoin d'une assistance supplémentaire, contactez l'IT au IT Help Center (https://acme.co/it-help) ou par e-mail à IT@acme.co.

Merci,

Acme IT Support


--

Alex Johnson  | Analyste Senior

Acme Co (https://acme.co/)  •  New York, NY",High,Software,2024-10-28T18:50:14.275Z,alex.johnson@acme.co
hwvaglmtw,Assistance nécessaire pour la réinitialisation du mot de passe : Dysfonctionnement du dispositif d'authentification à deux facteurs,Demande d'assistance pour la réinitialisation du mot de passe,High,Account,2024-10-28T18:50:09.096Z,user@acme.co
9f0mw3p93,Alerte : Problème d'accès - Lecteur réseau partagé (john.doe@acme.co),"Notification de Acme Network Services


Acme Network Image


Cette alerte de problème d'accès a pour but de vous informer qu'un utilisateur a signalé une impossibilité d'accéder à des sous-dossiers spécifiques sur un lecteur réseau partagé en raison d'une erreur suspectée de configuration du chemin réseau, malgré des paramètres de permissions et de mappage corrects.

Les détails de l'alerte sont les suivants :


Utilisateur : John Doe (john.doe@acme.co)

Date : Mer, 25 Oct 2023 10:30 UTC

Chemin réseau : \\acme\shared\project\subfolder


Network Services n'est pas activé pour cette règle. Network Services peut fournir des détails supplémentaires, des options d'investigation et des recommandations de remédiation. Pour l'activer, activez les alertes dans la page des paramètres réseau.


Accéder aux paramètres réseau


Vous avez reçu cette mise à jour importante concernant votre accès réseau car vous êtes le destinataire administrateur désigné pour ce type d'alerte. Vous pouvez désactiver ces alertes ou modifier les destinataires des e-mails dans la section Réseau de l'Admin Console.

Acme Co 1234 Elm Street Springfield, IL 62701



-- 
Vous avez reçu ce message car vous êtes abonné au groupe Acme Co ""Network Support"". Pour vous désabonner de ce groupe et ne plus recevoir d'e-mails de celui-ci, envoyez un e-mail à network+unsubscribe@acme.co.",Medium,Network,2024-10-28T18:50:15.400Z,john.doe@acme.co
i6p2n4km3,Demande d'accès à la fonctionnalité d'attribution de tâches JIRA,Bonjour l'équipe IT ! Sauriez-vous comment je pourrais obtenir l'accès à la fonctionnalité d'attribution de tâches JIRA ?,Medium,Software,2024-10-28T18:50:09.076Z,user@acme.co
y655s5pjx,Trs : Problème de déclenchement des notifications,"Bonjour IT Support,

Je rencontre des problèmes persistants avec notre application cloud d'entreprise où des notifications utilisateur spécifiques échouent de manière intermittente à se déclencher. Je suspecte qu'il pourrait y avoir des erreurs complexes de gestion des événements. Pourriez-vous investiguer ce problème et ajuster manuellement les configurations de notifications ? De plus, une inspection des workflows de traitement des événements côté serveur pourrait être nécessaire.

Merci !
Alex



---------- Message transféré ---------
De : Jamie Smith <jamie.smith@acme.co>
Date : Lun, 16 Oct 2023 à 9:15 AM
Objet : Notification Trigger Issue
À : Alex Johnson <alex.johnson@acme.co>
Cc : Taylor Brown <taylor.brown@acme.co>, Jordan Lee <jordan.lee@acme.co>


Bonjour Alex,


J'ai remarqué que certaines notifications ne sont pas envoyées comme prévu. Cela se produit de manière intermittente et semble être lié à la gestion des événements. Pourriez-vous examiner cela ?



Jamie Smith
Product Management
Acme Co.
555.123.4567
""Innovate, Integrate, Motivate""",High,Software,2024-10-28T18:50:14.612Z,alex.johnson@acme.co
ld97pw80e,Assistance requise pour la configuration de l'accès aux listes de diffusion pour un nouvel employé,"Bonjour l'équipe IT, j'espère que vous allez bien ! Je vous contacte car notre nouvel employé a des difficultés à recevoir les e-mails des listes de distribution spécifiques aux départements. Il a suivi les directives du ""New Hire 101 FAQ"" et a correctement configuré son e-mail, mais ne reçoit toujours pas les e-mails de groupe. Pourriez-vous l'aider ? Ce serait formidable si vous pouviez vérifier si son adresse e-mail est correctement ajoutée aux listes nécessaires ou s'il y a d'autres configurations requises. Merci pour votre aide ! Si vous avez besoin d'informations supplémentaires, n'hésitez pas à demander. Cordialement, Alex Johnson",Medium,Communication,2024-10-28T18:50:11.490Z,alex.johnson@acme.co
ej02luexw,Demande d'accès à la DBox Admin Console,J'ai besoin d'accéder à la DBox Admin Console pour gérer les permissions et les paramètres des utilisateurs. Veuillez accorder les droits d'accès nécessaires.,Medium,Account,2024-10-28T18:50:09.711Z,jane.doe@acme.co